gamma=0.8,gamma=1.6,gamma=2.4,gamma=3.2,gamma=4,gamma=4.8,gamma=5.6,gamma=7,gamma=9
0.2865844146677776,0.385793812238864,0.519144673636188,0.6486507057476606,0.7378612719111248,0.7620325912964486,0.7143299002083938,0.5005419218566319,0.15902973476080656
0.31549911201164477,0.489115791846083,0.7102007125824985,0.9015225507545537,0.9962470839249054,0.9612843074152171,0.8088477249457215,0.43296790157472703,0.29012259095017423
0.3047613539282051,0.43862046947879835,0.576908380006711,0.6411377387537909,0.5905300911500417,0.441746867731006,0.25682865357886664,0.0471900196394837,0.09522208396876498
0.3426729800722176,0.5672703515159445,0.7940825129085021,0.8909244942429894,0.7972354618933665,0.5558094377274311,0.28488288951170565,0.07795222984199701,0.3341133323957108
0.34267301525980925,0.5672704097664596,0.7940825944493668,0.890924585728136,0.7972355437579935,0.5558094948010757,0.2848829187650858,0.0779522378465708,0.33411336670434993
0.2764230225431466,0.3434546144672623,0.4192230104287301,0.4649602096415938,0.4509236267798085,0.3695464558886413,0.24076372730548015,0.035145215823027195,0.17757116681037768
0.34267298007221747,0.567270351515945,0.7940825129085016,0.8909244942429896,0.7972354618933661,0.5558094377274314,0.2848828895117058,0.07795222984199701,0.334113332395711
0.28658441466777757,0.38579381223886433,0.519144673636188,0.648650705747661,0.7378612719111248,0.7620325912964486,0.7143299002083943,0.5005419218566318,0.1590297347608064
0.304761353928205,0.43862046947879796,0.5769083800067107,0.641137738753791,0.590530091150042,0.4417468677310058,0.2568286535788663,0.047190019639483674,0.09522208396876511
0.34267301525980937,0.5672704097664585,0.7940825944493671,0.890924585728135,0.7972355437579942,0.5558094948010756,0.2848829187650855,0.07795223784657142,0.33411336670434955
0.28464887493112345,0.35775665820766167,0.39938091233764816,0.3531368901328962,0.22337496989487457,0.08364092215829648,0.03729742834482253,0.33682652809357494,0.9045557615988996
0.3154991444088705,0.4891158420712472,0.7102007855099075,0.9015226433279666,0.9962471862251674,0.9612844061253053,0.8088478080027623,0.4329679460343097,0.2901226207415962
0.30476132263359573,0.4386204244387828,0.5769083207665151,0.6411376729181636,0.5905300305110928,0.4417468223699539,0.2568286272062563,0.04719001479374715,0.09522207419082618
0.3426730152598092,0.5672704097664585,0.7940825944493671,0.890924585728135,0.7972355437579939,0.5558094948010756,0.28488291876508554,0.07795223784657145,0.33411336670434955
0.31549911201164477,0.489115791846083,0.7102007125824982,0.9015225507545536,0.9962470839249054,0.9612843074152171,0.8088477249457215,0.43296790157472703,0.29012259095017406
0.3047613539282048,0.4386204694787982,0.5769083800067115,0.6411377387537918,0.5905300911500421,0.4417468677310058,0.2568286535788669,0.047190019639483445,0.09522208396876573
0.28658441466777757,0.38579381223886416,0.519144673636188,0.6486507057476607,0.737861271911125,0.7620325912964486,0.714329900208394,0.500541921856632,0.15902973476080653
0.3047613226335957,0.43862042443878246,0.5769083207665152,0.6411376729181633,0.5905300305110925,0.44174682236995366,0.25682862720625643,0.047190014793747175,0.0952220741908264
0.3047613226335958,0.43862042443878246,0.5769083207665159,0.6411376729181635,0.5905300305110927,0.441746822369954,0.2568286272062562,0.04719001479374695,0.09522207419082598
0.3426729800722175,0.5672703515159447,0.7940825129085017,0.8909244942429895,0.7972354618933665,0.555809437727431,0.28488288951170565,0.07795222984199701,0.3341133323957107
0.34267301525980925,0.5672704097664597,0.7940825944493668,0.8909245857281359,0.7972355437579935,0.5558094948010757,0.2848829187650858,0.07795223784657081,0.33411336670434993
0.304761353928205,0.4386204694787982,0.5769083800067106,0.6411377387537908,0.5905300911500416,0.44174686773100613,0.25682865357886686,0.04719001963948359,0.09522208396876501
0.30476135392820497,0.4386204694787981,0.5769083800067107,0.6411377387537908,0.5905300911500423,0.4417468677310058,0.2568286535788666,0.04719001963948375,0.09522208396876505
0.2865844440958794,0.38579385185434556,0.5191447269448864,0.6486507723547689,0.7378613476788757,0.762032669546248,0.7143299735598122,0.5005419732550955,0.15902975109087544
0.3426729800722176,0.5672703515159445,0.7940825129085017,0.8909244942429894,0.7972354618933664,0.555809437727431,0.28488288951170576,0.07795222984199701,0.3341133323957107
0.30476135392820497,0.43862046947879835,0.5769083800067114,0.641137738753791,0.5905300911500428,0.44174686773100613,0.2568286535788664,0.04719001963948354,0.09522208396876487
0.304761353928205,0.4386204694787982,0.5769083800067109,0.6411377387537908,0.5905300911500421,0.44174686773100574,0.2568286535788666,0.047190019639483695,0.09522208396876503
0.3426730152598088,0.5672704097664604,0.7940825944493676,0.8909245857281359,0.7972355437579943,0.5558094948010756,0.284882918765086,0.07795223784657092,0.3341133667043488
0.3047613539282049,0.4386204694787983,0.576908380006711,0.6411377387537914,0.590530091150042,0.4417468677310056,0.25682865357886664,0.04719001963948354,0.09522208396876577
0.30476135392820497,0.4386204694787976,0.5769083800067104,0.6411377387537909,0.5905300911500424,0.44174686773100613,0.2568286535788665,0.04719001963948354,0.09522208396876491
0.3426730152598095,0.5672704097664591,0.7940825944493665,0.8909245857281349,0.7972355437579939,0.555809494801075,0.2848829187650855,0.07795223784657089,0.33411336670434955
0.3154991120116449,0.48911579184608295,0.7102007125824984,0.9015225507545535,0.9962470839249052,0.9612843074152168,0.8088477249457217,0.43296790157472703,0.29012259095017406
0.31549911201164477,0.48911579184608295,0.7102007125824986,0.9015225507545535,0.9962470839249052,0.9612843074152168,0.8088477249457217,0.43296790157472703,0.290122590950174
0.3047613226335957,0.4386204244387823,0.5769083207665154,0.6411376729181631,0.5905300305110925,0.4417468223699538,0.2568286272062562,0.047190014793746904,0.09522207419082607
0.304761353928205,0.4386204694787979,0.5769083800067107,0.641137738753791,0.5905300911500418,0.4417468677310058,0.2568286535788663,0.04719001963948373,0.09522208396876515
0.31549911201164477,0.48911579184608317,0.7102007125824982,0.9015225507545537,0.9962470839249055,0.9612843074152171,0.8088477249457218,0.43296790157472703,0.29012259095017406
0.3426729800722174,0.5672703515159448,0.7940825129085016,0.8909244942429898,0.7972354618933665,0.5558094377274315,0.28488288951170576,0.07795222984199697,0.334113332395711
0.30476135392820497,0.43862046947879774,0.5769083800067104,0.6411377387537908,0.5905300911500424,0.441746867731006,0.2568286535788665,0.047190019639483514,0.09522208396876493
0.31549911201164477,0.489115791846083,0.7102007125824982,0.9015225507545536,0.9962470839249055,0.9612843074152168,0.8088477249457217,0.43296790157472703,0.29012259095017406
0.30476135392820497,0.43862046947879835,0.5769083800067111,0.6411377387537914,0.590530091150042,0.4417468677310056,0.25682865357886675,0.04719001963948354,0.09522208396876577
0.30476132263359573,0.4386204244387826,0.5769083207665158,0.6411376729181635,0.5905300305110925,0.441746822369954,0.25682862720625615,0.04719001479374688,0.09522207419082601
0.28658441466777757,0.38579381223886433,0.5191446736361879,0.648650705747661,0.7378612719111247,0.7620325912964486,0.7143299002083943,0.5005419218566317,0.15902973476080637
0.3047613539282051,0.4386204694787981,0.5769083800067106,0.6411377387537908,0.5905300911500416,0.44174686773100613,0.2568286535788671,0.04719001963948359,0.09522208396876501
0.31549914440887056,0.4891158420712472,0.7102007855099075,0.9015226433279666,0.9962471862251674,0.9612844061253053,0.8088478080027615,0.4329679460343098,0.2901226207415962
0.31549914440887056,0.4891158420712472,0.7102007855099073,0.9015226433279666,0.9962471862251676,0.9612844061253053,0.8088478080027623,0.43296794603430977,0.2901226207415962
0.2865844440958794,0.3857938518543455,0.5191447269448864,0.6486507723547686,0.7378613476788757,0.762032669546248,0.7143299735598123,0.5005419732550955,0.15902975109087544
0.2764229941584766,0.34345457919941164,0.4192229673805546,0.46496016189686495,0.4509235804764354,0.3695464179415333,0.24076370258250707,0.03514521221411899,0.1775711485763722
0.3426730152598093,0.5672704097664597,0.7940825944493668,0.8909245857281359,0.7972355437579935,0.5558094948010757,0.2848829187650858,0.07795223784657081,0.33411336670434993
0.31549911201164493,0.48911579184608295,0.7102007125824984,0.9015225507545535,0.9962470839249054,0.9612843074152171,0.8088477249457215,0.43296790157472703,0.29012259095017406
0.30476135392820497,0.4386204694787981,0.5769083800067107,0.6411377387537908,0.5905300911500422,0.4417468677310058,0.2568286535788665,0.04719001963948375,0.0952220839687651
0.3426729800722175,0.5672703515159448,0.7940825129085017,0.8909244942429898,0.7972354618933661,0.5558094377274315,0.28488288951170576,0.07795222984199704,0.33411333239571095
0.28658441466777757,0.38579381223886433,0.5191446736361879,0.6486507057476608,0.7378612719111248,0.7620325912964486,0.7143299002083943,0.5005419218566316,0.15902973476080645
0.28658444409587935,0.38579385185434556,0.5191447269448864,0.6486507723547688,0.7378613476788757,0.762032669546248,0.7143299735598122,0.5005419732550955,0.15902975109087544
0.28464890416047317,0.35775669494413,0.3993809533483297,0.3531369263949811,0.22337499283227427,0.08364093074701727,0.03729743217473266,0.33682656268081984,0.9045558544837798
0.2865844440958794,0.3857938518543455,0.5191447269448864,0.6486507723547686,0.7378613476788757,0.7620326695462477,0.7143299735598123,0.5005419732550955,0.15902975109087544
0.2764229941584767,0.34345457919941164,0.4192229673805547,0.46496016189686495,0.4509235804764355,0.3695464179415333,0.24076370258250707,0.03514521221411898,0.1775711485763722
0.3154991444088706,0.48911584207124753,0.7102007855099076,0.9015226433279667,0.9962471862251677,0.9612844061253053,0.8088478080027623,0.4329679460343098,0.2901226207415963
0.31549914440887067,0.48911584207124753,0.7102007855099076,0.9015226433279668,0.9962471862251677,0.9612844061253053,0.8088478080027623,0.4329679460343098,0.2901226207415963
0.30476132263359573,0.4386204244387827,0.5769083207665155,0.6411376729181634,0.590530030511093,0.4417468223699537,0.25682862720625643,0.04719001479374722,0.09522207419082648
0.2865844440958794,0.38579385185434556,0.5191447269448864,0.6486507723547689,0.7378613476788757,0.762032669546248,0.7143299735598122,0.5005419732550954,0.15902975109087544
0.30476132263359573,0.4386204244387827,0.5769083207665154,0.6411376729181634,0.5905300305110929,0.4417468223699537,0.2568286272062565,0.04719001479374722,0.09522207419082643
0.28658441466777757,0.38579381223886433,0.5191446736361881,0.6486507057476609,0.7378612719111248,0.7620325912964486,0.7143299002083943,0.5005419218566317,0.1590297347608064
0.31549914440887056,0.4891158420712472,0.7102007855099075,0.9015226433279666,0.9962471862251674,0.9612844061253053,0.8088478080027622,0.4329679460343098,0.2901226207415962
0.28658441466777757,0.38579381223886433,0.5191446736361881,0.6486507057476609,0.7378612719111248,0.7620325912964486,0.7143299002083943,0.5005419218566317,0.15902973476080645
0.34267301525980925,0.5672704097664588,0.7940825944493671,0.890924585728135,0.7972355437579932,0.5558094948010756,0.2848829187650854,0.07795223784657145,0.33411336670434955
0.34267301525980937,0.5672704097664585,0.7940825944493671,0.890924585728135,0.7972355437579942,0.5558094948010756,0.2848829187650855,0.07795223784657142,0.33411336670434955
0.2865844440958794,0.38579385185434556,0.5191447269448864,0.6486507723547688,0.7378613476788757,0.7620326695462477,0.7143299735598123,0.5005419732550955,0.15902975109087544
0.3426729800722176,0.5672703515159448,0.7940825129085016,0.8909244942429898,0.7972354618933661,0.5558094377274314,0.2848828895117058,0.07795222984199704,0.33411333239571106
0.3426729800722174,0.5672703515159445,0.7940825129085014,0.8909244942429898,0.7972354618933659,0.5558094377274314,0.28488288951170576,0.07795222984199697,0.33411333239571095
0.31549914440887067,0.4891158420712473,0.7102007855099073,0.9015226433279664,0.996247186225167,0.9612844061253042,0.8088478080027619,0.4329679460343099,0.290122620741596
0.3047613226335958,0.43862042443878246,0.5769083207665158,0.6411376729181636,0.5905300305110927,0.441746822369954,0.2568286272062562,0.04719001479374695,0.09522207419082601
0.3426730152598093,0.5672704097664597,0.7940825944493668,0.8909245857281359,0.7972355437579935,0.5558094948010757,0.2848829187650858,0.0779522378465708,0.33411336670434993
0.31549911201164477,0.4891157918460828,0.7102007125824978,0.9015225507545533,0.9962470839249049,0.9612843074152165,0.8088477249457213,0.43296790157472703,0.29012259095017406
0.34267301525980937,0.5672704097664585,0.7940825944493671,0.890924585728135,0.7972355437579939,0.5558094948010756,0.2848829187650855,0.07795223784657142,0.33411336670434955
0.30476132263359573,0.43862042443878263,0.576908320766515,0.6411376729181636,0.5905300305110924,0.4417468223699539,0.2568286272062562,0.04719001479374717,0.09522207419082611
0.3047613226335957,0.43862042443878263,0.5769083207665159,0.6411376729181635,0.5905300305110927,0.441746822369954,0.25682862720625615,0.047190014793746946,0.09522207419082601
0.304761353928205,0.4386204694787979,0.5769083800067109,0.6411377387537909,0.5905300911500421,0.4417468677310058,0.2568286535788663,0.0471900196394837,0.09522208396876511
0.30476135392820497,0.4386204694787976,0.5769083800067114,0.641137738753791,0.5905300911500425,0.4417468677310059,0.2568286535788665,0.047190019639483514,0.09522208396876489
0.30476132263359573,0.4386204244387826,0.5769083207665158,0.6411376729181636,0.5905300305110927,0.44174682236995394,0.25682862720625615,0.047190014793746946,0.09522207419082598
0.30476132263359573,0.43862042443878263,0.576908320766515,0.6411376729181635,0.5905300305110924,0.4417468223699539,0.25682862720625627,0.04719001479374715,0.09522207419082611
0.31549914440887067,0.4891158420712473,0.7102007855099073,0.9015226433279665,0.9962471862251665,0.9612844061253042,0.8088478080027619,0.4329679460343099,0.29012262074159606
0.2865844146677776,0.385793812238864,0.519144673636188,0.6486507057476606,0.737861271911125,0.7620325912964485,0.7143299002083939,0.500541921856632,0.15902973476080656
0.3154991444088705,0.4891158420712472,0.7102007855099075,0.9015226433279666,0.9962471862251676,0.9612844061253053,0.8088478080027623,0.4329679460343097,0.2901226207415962
0.2865844146677775,0.3857938122388643,0.5191446736361879,0.6486507057476608,0.7378612719111248,0.7620325912964486,0.7143299002083943,0.5005419218566317,0.1590297347608064
0.3047613539282051,0.4386204694787982,0.5769083800067106,0.6411377387537908,0.5905300911500416,0.44174686773100613,0.2568286535788671,0.04719001963948359,0.09522208396876501
0.3047613539282051,0.4386204694787982,0.5769083800067106,0.6411377387537908,0.5905300911500416,0.44174686773100613,0.2568286535788671,0.04719001963948359,0.09522208396876504
0.3047613226335957,0.43862042443878246,0.5769083207665154,0.6411376729181633,0.5905300305110925,0.4417468223699537,0.25682862720625604,0.04719001479374695,0.09522207419082603
0.30476132263359584,0.43862042443878285,0.5769083207665151,0.6411376729181637,0.5905300305110928,0.4417468223699539,0.2568286272062563,0.04719001479374715,0.09522207419082637
0.34267298007221747,0.5672703515159448,0.7940825129085016,0.8909244942429898,0.7972354618933661,0.5558094377274314,0.2848828895117058,0.07795222984199698,0.334113332395711
0.3047613539282049,0.4386204694787983,0.576908380006711,0.6411377387537914,0.590530091150042,0.4417468677310056,0.25682865357886664,0.04719001963948357,0.09522208396876582
0.28464887493112345,0.3577566582076616,0.3993809123376481,0.35313689013289623,0.2233749698948746,0.0836409221582964,0.037297428344822546,0.33682652809357494,0.9045557615988994
0.34267301525980937,0.5672704097664585,0.7940825944493671,0.890924585728135,0.7972355437579939,0.5558094948010754,0.2848829187650855,0.07795223784657145,0.33411336670434955
0.34267301525980925,0.5672704097664596,0.7940825944493668,0.8909245857281359,0.7972355437579935,0.5558094948010757,0.2848829187650858,0.07795223784657081,0.33411336670434993
0.3047613539282049,0.4386204694787982,0.576908380006711,0.6411377387537914,0.590530091150042,0.44174686773100547,0.25682865357886675,0.04719001963948354,0.09522208396876582
0.30476132263359573,0.4386204244387826,0.5769083207665158,0.6411376729181635,0.5905300305110927,0.44174682236995394,0.25682862720625615,0.047190014793746946,0.09522207419082604
0.2865844146677776,0.38579381223886433,0.5191446736361879,0.648650705747661,0.7378612719111247,0.7620325912964485,0.7143299002083943,0.5005419218566316,0.15902973476080645
0.28658441466777757,0.38579381223886433,0.5191446736361878,0.648650705747661,0.7378612719111248,0.7620325912964486,0.7143299002083943,0.5005419218566317,0.1590297347608064
0.2865844440958793,0.38579385185434556,0.5191447269448869,0.6486507723547685,0.737861347678876,0.762032669546248,0.7143299735598114,0.5005419732550951,0.15902975109087508
0.30476132263359573,0.43862042443878285,0.5769083207665151,0.6411376729181636,0.5905300305110927,0.4417468223699539,0.2568286272062563,0.04719001479374714,0.0952220741908262
0.2764229941584767,0.34345457919941164,0.4192229673805547,0.46496016189686495,0.4509235804764355,0.3695464179415333,0.24076370258250704,0.035145212214118975,0.1775711485763722
0.3426729800722176,0.5672703515159447,0.7940825129085017,0.8909244942429898,0.7972354618933661,0.5558094377274315,0.2848828895117058,0.07795222984199694,0.33411333239571095
0.31549914440887056,0.4891158420712472,0.7102007855099075,0.9015226433279666,0.9962471862251674,0.9612844061253053,0.808847808002762,0.4329679460343098,0.2901226207415962
0.34267301525980937,0.5672704097664591,0.7940825944493665,0.8909245857281349,0.7972355437579939,0.555809494801075,0.2848829187650856,0.07795223784657089,0.33411336670434966
0.2865844440958793,0.38579385185434556,0.5191447269448868,0.6486507723547685,0.737861347678876,0.762032669546248,0.7143299735598114,0.5005419732550951,0.15902975109087508
0.34267298007221747,0.5672703515159447,0.7940825129085017,0.8909244942429898,0.7972354618933661,0.5558094377274314,0.2848828895117058,0.077952229841997,0.33411333239571095
0.34267298007221747,0.5672703515159448,0.7940825129085016,0.8909244942429896,0.7972354618933661,0.5558094377274314,0.28488288951170576,0.07795222984199703,0.334113332395711
0.34267298007221747,0.567270351515945,0.7940825129085016,0.8909244942429898,0.7972354618933664,0.5558094377274314,0.2848828895117058,0.07795222984199698,0.33411333239571106
0.3154991120116449,0.48911579184608295,0.7102007125824984,0.9015225507545537,0.9962470839249054,0.9612843074152171,0.8088477249457215,0.43296790157472703,0.29012259095017423
0.2764230225431465,0.34345461446726244,0.41922301042873034,0.46496020964159324,0.45092362677980835,0.369546455888641,0.24076372730548032,0.03514521582302736,0.17757116681037793
0.31549914440887056,0.4891158420712472,0.7102007855099075,0.9015226433279666,0.9962471862251674,0.9612844061253053,0.8088478080027622,0.4329679460343098,0.2901226207415962
0.3426729800722174,0.5672703515159448,0.7940825129085016,0.8909244942429898,0.7972354618933661,0.5558094377274315,0.2848828895117058,0.077952229841997,0.33411333239571095
0.3047613226335958,0.43862042443878246,0.5769083207665158,0.6411376729181635,0.5905300305110927,0.441746822369954,0.25682862720625615,0.047190014793746904,0.09522207419082601
0.2846489041604729,0.35775669494413,0.39938095334832985,0.35313692639498157,0.22337499283227466,0.08364093074701766,0.03729743217473264,0.3368265626808203,0.9045558544837803
0.304761353928205,0.43862046947879807,0.5769083800067109,0.641137738753791,0.5905300911500421,0.4417468677310058,0.2568286535788663,0.04719001963948373,0.09522208396876511
0.30476135392820497,0.4386204694787983,0.576908380006711,0.6411377387537914,0.590530091150042,0.4417468677310056,0.25682865357886675,0.04719001963948354,0.09522208396876587
0.3426730152598093,0.5672704097664591,0.7940825944493665,0.8909245857281349,0.7972355437579939,0.555809494801075,0.28488291876508554,0.07795223784657089,0.33411336670434966
0.31549911201164477,0.4891157918460831,0.7102007125824982,0.9015225507545537,0.9962470839249054,0.961284307415217,0.8088477249457217,0.43296790157472703,0.290122590950174
0.31549914440887056,0.4891158420712472,0.7102007855099075,0.9015226433279666,0.9962471862251674,0.9612844061253053,0.8088478080027623,0.4329679460343097,0.29012262074159617
0.2865844146677775,0.38579381223886433,0.5191446736361881,0.6486507057476609,0.7378612719111248,0.7620325912964486,0.7143299002083943,0.5005419218566318,0.15902973476080642
0.2764229941584765,0.3434545791994116,0.4192229673805546,0.46496016189686495,0.4509235804764351,0.369546417941533,0.24076370258250732,0.03514521221411902,0.17757114857637213
0.30476132263359573,0.43862042443878263,0.5769083207665153,0.6411376729181636,0.5905300305110925,0.44174682236995394,0.2568286272062563,0.04719001479374718,0.09522207419082622
0.30476135392820497,0.4386204694787981,0.5769083800067106,0.6411377387537908,0.5905300911500416,0.4417468677310061,0.25682865357886697,0.04719001963948359,0.09522208396876497
0.31549914440887056,0.4891158420712472,0.7102007855099075,0.9015226433279666,0.9962471862251676,0.9612844061253053,0.8088478080027622,0.4329679460343098,0.2901226207415962
0.3154991120116447,0.4891157918460827,0.7102007125824981,0.9015225507545537,0.9962470839249049,0.961284307415217,0.8088477249457213,0.432967901574727,0.29012259095017406
0.31549914440887056,0.4891158420712472,0.7102007855099075,0.9015226433279666,0.9962471862251676,0.9612844061253053,0.8088478080027613,0.4329679460343097,0.2901226207415962
0.28658441466777757,0.3857938122388641,0.519144673636188,0.6486507057476607,0.737861271911125,0.7620325912964486,0.7143299002083937,0.500541921856632,0.15902973476080653
0.3154991120116448,0.4891157918460831,0.7102007125824984,0.9015225507545537,0.9962470839249054,0.961284307415217,0.8088477249457215,0.432967901574727,0.29012259095017406
0.34267301525980937,0.5672704097664585,0.7940825944493671,0.890924585728135,0.7972355437579942,0.5558094948010756,0.28488291876508554,0.07795223784657142,0.33411336670434955
0.2865844440958793,0.3857938518543456,0.5191447269448869,0.6486507723547686,0.737861347678876,0.762032669546248,0.7143299735598114,0.5005419732550951,0.15902975109087508
0.31549914440887067,0.4891158420712473,0.7102007855099072,0.9015226433279664,0.9962471862251668,0.9612844061253042,0.808847808002762,0.4329679460343099,0.290122620741596
0.31549914440887056,0.4891158420712472,0.7102007855099073,0.9015226433279666,0.9962471862251674,0.9612844061253053,0.8088478080027623,0.4329679460343098,0.2901226207415962
0.30476132263359573,0.43862042443878285,0.5769083207665151,0.6411376729181636,0.5905300305110928,0.4417468223699539,0.25682862720625627,0.04719001479374719,0.0952220741908262
0.3426730152598092,0.5672704097664585,0.7940825944493671,0.890924585728135,0.7972355437579942,0.5558094948010756,0.28488291876508554,0.07795223784657142,0.33411336670434955
0.3047613539282049,0.4386204694787983,0.576908380006711,0.6411377387537914,0.590530091150042,0.44174686773100563,0.25682865357886653,0.04719001963948357,0.09522208396876582
0.28658441466777757,0.38579381223886433,0.5191446736361879,0.6486507057476609,0.7378612719111245,0.7620325912964485,0.7143299002083943,0.5005419218566317,0.15902973476080645
0.3154991120116447,0.4891157918460827,0.7102007125824978,0.9015225507545531,0.9962470839249049,0.961284307415217,0.8088477249457213,0.432967901574727,0.29012259095017395
0.34267301525980925,0.5672704097664597,0.7940825944493668,0.8909245857281359,0.7972355437579935,0.5558094948010757,0.2848829187650858,0.07795223784657081,0.33411336670434993
0.3047613539282049,0.43862046947879835,0.5769083800067113,0.6411377387537915,0.5905300911500422,0.44174686773100574,0.2568286535788668,0.047190019639483514,0.09522208396876565
0.2846489041604728,0.3577566949441311,0.39938095334833035,0.35313692639498145,0.22337499283227485,0.08364093074701755,0.03729743217473259,0.33682656268082023,0.9045558544837782
0.30476135392820497,0.4386204694787982,0.5769083800067109,0.6411377387537909,0.5905300911500421,0.44174686773100574,0.2568286535788664,0.047190019639483674,0.09522208396876504
0.30476135392820497,0.43862046947879774,0.5769083800067104,0.6411377387537909,0.5905300911500424,0.44174686773100613,0.2568286535788665,0.04719001963948352,0.09522208396876493
0.2764229941584765,0.3434545791994117,0.41922296738055487,0.46496016189686495,0.4509235804764351,0.3695464179415332,0.24076370258250737,0.03514521221411909,0.17757114857637202
0.2865844440958793,0.3857938518543456,0.5191447269448869,0.6486507723547685,0.737861347678876,0.762032669546248,0.7143299735598115,0.5005419732550951,0.15902975109087508
0.3047613226335958,0.43862042443878246,0.5769083207665158,0.6411376729181636,0.5905300305110927,0.441746822369954,0.25682862720625615,0.04719001479374695,0.09522207419082605
0.28658444409587935,0.38579385185434567,0.5191447269448869,0.648650772354769,0.737861347678876,0.7620326695462474,0.7143299735598113,0.5005419732550953,0.1590297510908754
0.34267301525980925,0.5672704097664596,0.7940825944493668,0.890924585728136,0.7972355437579935,0.5558094948010757,0.28488291876508576,0.07795223784657081,0.33411336670434993
0.2865844440958793,0.3857938518543459,0.5191447269448869,0.6486507723547686,0.7378613476788769,0.7620326695462483,0.7143299735598115,0.5005419732550951,0.15902975109087508
0.28658441466777757,0.38579381223886444,0.519144673636188,0.6486507057476608,0.7378612719111247,0.7620325912964486,0.7143299002083943,0.5005419218566316,0.15902973476080645
0.30476135392820514,0.43862046947879796,0.5769083800067109,0.6411377387537908,0.5905300911500418,0.44174686773100574,0.25682865357886653,0.04719001963948372,0.09522208396876501
0.304761353928205,0.43862046947879796,0.576908380006711,0.641137738753791,0.5905300911500421,0.44174686773100563,0.25682865357886636,0.04719001963948365,0.09522208396876511
0.28464887493112345,0.35775665820766167,0.39938091233764816,0.3531368901328962,0.22337496989487454,0.08364092215829642,0.03729742834482253,0.33682652809357494,0.9045557615988997
0.31549914440887056,0.4891158420712472,0.7102007855099075,0.9015226433279666,0.9962471862251674,0.9612844061253053,0.8088478080027623,0.4329679460343098,0.2901226207415962
0.28464887493112323,0.3577566582076612,0.3993809123376483,0.3531368901328963,0.22337496989487413,0.08364092215829613,0.037297428344822886,0.336826528093575,0.9045557615988998
0.284648904160473,0.3577566949441299,0.3993809533483297,0.35313692639498145,0.22337499283227463,0.08364093074701759,0.037297432174732546,0.33682656268082,0.9045558544837801
0.34267301525980937,0.5672704097664585,0.7940825944493671,0.890924585728135,0.7972355437579942,0.5558094948010754,0.2848829187650855,0.07795223784657142,0.33411336670434955
0.3047613539282051,0.4386204694787982,0.5769083800067106,0.6411377387537908,0.5905300911500416,0.44174686773100613,0.2568286535788671,0.04719001963948359,0.09522208396876504
0.3154991444088705,0.4891158420712472,0.7102007855099075,0.9015226433279666,0.9962471862251676,0.9612844061253053,0.8088478080027623,0.43296794603430977,0.2901226207415962
0.3047613226335958,0.4386204244387827,0.5769083207665154,0.6411376729181633,0.5905300305110929,0.44174682236995366,0.2568286272062564,0.04719001479374722,0.09522207419082643
0.31549911201164477,0.4891157918460831,0.7102007125824982,0.9015225507545537,0.9962470839249054,0.9612843074152171,0.8088477249457215,0.43296790157472703,0.29012259095017406
0.2865844146677774,0.38579381223886394,0.5191446736361877,0.6486507057476605,0.7378612719111247,0.7620325912964487,0.7143299002083935,0.5005419218566318,0.15902973476080656
0.2865844146677776,0.38579381223886433,0.519144673636188,0.6486507057476609,0.7378612719111247,0.7620325912964486,0.7143299002083943,0.5005419218566317,0.15902973476080645
0.3426729800722175,0.5672703515159448,0.7940825129085017,0.8909244942429898,0.7972354618933661,0.5558094377274315,0.28488288951170576,0.07795222984199704,0.33411333239571095
0.304761353928205,0.43862046947879796,0.5769083800067114,0.6411377387537908,0.5905300911500427,0.44174686773100597,0.2568286535788664,0.047190019639483535,0.09522208396876498
0.3047613539282049,0.4386204694787976,0.5769083800067104,0.6411377387537908,0.5905300911500425,0.4417468677310056,0.2568286535788664,0.047190019639483514,0.09522208396876493
0.30476132263359584,0.4386204244387826,0.5769083207665159,0.6411376729181635,0.5905300305110927,0.441746822369954,0.25682862720625615,0.047190014793746946,0.09522207419082601
0.31549911201164477,0.4891157918460827,0.7102007125824978,0.9015225507545535,0.9962470839249049,0.9612843074152168,0.8088477249457213,0.43296790157472703,0.29012259095017406
0.284648904160473,0.35775669494413,0.39938095334832946,0.35313692639498145,0.22337499283227455,0.08364093074701759,0.03729743217473266,0.33682656268082,0.9045558544837801
0.34267301525980937,0.5672704097664585,0.7940825944493671,0.890924585728135,0.7972355437579942,0.5558094948010754,0.2848829187650854,0.07795223784657142,0.33411336670434955
0.30476135392820497,0.4386204694787982,0.576908380006711,0.6411377387537914,0.590530091150042,0.4417468677310056,0.25682865357886675,0.04719001963948354,0.09522208396876582
0.304761353928205,0.4386204694787979,0.576908380006711,0.641137738753791,0.590530091150042,0.44174686773100563,0.2568286535788664,0.04719001963948365,0.09522208396876515
0.3154991120116448,0.4891157918460831,0.7102007125824982,0.9015225507545535,0.9962470839249054,0.961284307415217,0.8088477249457217,0.43296790157472703,0.29012259095017406
0.2865844146677775,0.38579381223886416,0.5191446736361879,0.6486507057476606,0.7378612719111252,0.7620325912964486,0.7143299002083938,0.500541921856632,0.15902973476080656
0.28464887493112323,0.3577566582076612,0.3993809123376482,0.3531368901328964,0.22337496989487413,0.08364092215829613,0.037297428344822886,0.336826528093575,0.9045557615988997
0.34267298007221747,0.5672703515159448,0.7940825129085017,0.8909244942429898,0.7972354618933661,0.5558094377274314,0.2848828895117057,0.07795222984199704,0.33411333239571084
0.2865844440958794,0.3857938518543455,0.5191447269448864,0.6486507723547688,0.7378613476788757,0.762032669546248,0.7143299735598123,0.5005419732550955,0.15902975109087544
0.30476135392820475,0.43862046947879796,0.5769083800067112,0.6411377387537908,0.5905300911500423,0.44174686773100574,0.2568286535788666,0.04719001963948375,0.09522208396876498
0.3047613226335957,0.4386204244387824,0.5769083207665157,0.6411376729181634,0.5905300305110925,0.44174682236995383,0.2568286272062561,0.04719001479374684,0.09522207419082597
0.3154991120116449,0.489115791846083,0.7102007125824986,0.9015225507545537,0.9962470839249051,0.961284307415217,0.8088477249457215,0.43296790157472703,0.2901225909501741
0.3426730152598094,0.5672704097664605,0.7940825944493674,0.890924585728135,0.7972355437579939,0.5558094948010754,0.2848829187650855,0.07795223784657138,0.33411336670434955
0.30476132263359573,0.43862042443878263,0.5769083207665155,0.6411376729181635,0.590530030511093,0.44174682236995366,0.2568286272062565,0.047190014793747244,0.09522207419082643
0.3426729800722174,0.5672703515159446,0.7940825129085014,0.8909244942429897,0.7972354618933658,0.5558094377274314,0.28488288951170576,0.07795222984199701,0.3341133323957109
0.34267301525980937,0.5672704097664585,0.7940825944493671,0.890924585728135,0.7972355437579942,0.5558094948010756,0.2848829187650854,0.07795223784657142,0.33411336670434955
0.34267301525980925,0.5672704097664597,0.7940825944493668,0.8909245857281359,0.7972355437579935,0.5558094948010757,0.2848829187650858,0.07795223784657085,0.33411336670434993
0.284648904160473,0.35775669494413,0.3993809533483294,0.35313692639498157,0.22337499283227458,0.08364093074701759,0.03729743217473258,0.33682656268081995,0.9045558544837801
0.34267301525980925,0.5672704097664597,0.7940825944493668,0.890924585728136,0.7972355437579935,0.5558094948010757,0.2848829187650858,0.07795223784657081,0.33411336670434993
0.3426730152598093,0.5672704097664596,0.7940825944493668,0.890924585728136,0.7972355437579935,0.5558094948010757,0.2848829187650858,0.07795223784657081,0.33411336670434993
0.30476132263359584,0.4386204244387828,0.5769083207665151,0.6411376729181637,0.5905300305110928,0.4417468223699539,0.2568286272062563,0.04719001479374717,0.09522207419082618
0.2846488749311233,0.3577566582076612,0.3993809123376483,0.3531368901328963,0.2233749698948745,0.08364092215829623,0.037297428344822886,0.33682652809357494,0.9045557615988997
0.34267298007221747,0.5672703515159446,0.7940825129085014,0.8909244942429896,0.7972354618933658,0.5558094377274313,0.28488288951170565,0.07795222984199701,0.3341133323957109
0.304761353928205,0.43862046947879807,0.576908380006711,0.641137738753791,0.5905300911500421,0.4417468677310058,0.2568286535788663,0.04719001963948373,0.09522208396876512
0.3426729800722174,0.5672703515159448,0.7940825129085016,0.8909244942429898,0.7972354618933661,0.5558094377274314,0.28488288951170576,0.07795222984199704,0.33411333239571095
0.3047613539282051,0.4386204694787979,0.5769083800067107,0.641137738753791,0.5905300911500418,0.4417468677310058,0.25682865357886636,0.04719001963948373,0.09522208396876515
0.3426730152598093,0.5672704097664597,0.7940825944493668,0.890924585728136,0.7972355437579935,0.5558094948010757,0.2848829187650854,0.07795223784657081,0.33411336670434993
0.3047613226335958,0.4386204244387828,0.5769083207665154,0.6411376729181635,0.590530030511093,0.44174682236995383,0.25682862720625643,0.04719001479374723,0.09522207419082647
0.2672430737294339,0.31595594691356915,0.3875775132445414,0.46938821924371793,0.5465744973703041,0.6046431481948945,0.6318014780296947,0.5868334148665117,0.34917724701735214
0.284648904160473,0.3577566949441299,0.3993809533483297,0.35313692639498145,0.22337499283227455,0.08364093074701759,0.037297432174732525,0.33682656268081995,0.9045558544837801
0.3047613539282049,0.4386204694787983,0.576908380006711,0.6411377387537914,0.590530091150042,0.4417468677310056,0.25682865357886664,0.04719001963948354,0.09522208396876577
0.28658444409587924,0.3857938518543456,0.519144726944887,0.6486507723547684,0.7378613476788768,0.762032669546248,0.7143299735598115,0.5005419732550951,0.15902975109087508
0.3426729800722174,0.5672703515159448,0.7940825129085016,0.8909244942429896,0.7972354618933661,0.5558094377274315,0.28488288951170576,0.07795222984199703,0.33411333239571106
0.34267298007221747,0.567270351515945,0.7940825129085016,0.8909244942429898,0.7972354618933661,0.5558094377274314,0.2848828895117058,0.07795222984199703,0.33411333239571106
0.3426729800722174,0.5672703515159443,0.7940825129085014,0.8909244942429898,0.7972354618933659,0.5558094377274314,0.2848828895117057,0.07795222984199698,0.33411333239571095
0.31549911201164477,0.489115791846083,0.7102007125824982,0.9015225507545535,0.9962470839249051,0.9612843074152168,0.8088477249457215,0.43296790157472703,0.2901225909501742
0.28658444409587924,0.38579385185434567,0.5191447269448871,0.6486507723547686,0.7378613476788757,0.7620326695462473,0.7143299735598116,0.5005419732550954,0.15902975109087525
0.34267301525980937,0.5672704097664591,0.7940825944493665,0.8909245857281349,0.7972355437579939,0.5558094948010751,0.2848829187650856,0.07795223784657089,0.33411336670434966
0.3047613226335957,0.43862042443878263,0.5769083207665155,0.6411376729181635,0.5905300305110929,0.44174682236995366,0.25682862720625643,0.04719001479374722,0.09522207419082643
0.2764229941584765,0.3434545791994118,0.41922296738055503,0.464960161896865,0.45092358047643555,0.3695464179415335,0.24076370258250732,0.03514521221411902,0.17757114857637202
0.26724307372943396,0.3159559469135691,0.38757751324454104,0.46938821924371793,0.5465744973703031,0.6046431481948954,0.6318014780296943,0.5868334148665115,0.3491772470173525
0.34267301525980925,0.5672704097664596,0.7940825944493668,0.8909245857281359,0.7972355437579935,0.5558094948010757,0.2848829187650858,0.07795223784657081,0.33411336670434993
0.2865844440958793,0.3857938518543457,0.5191447269448869,0.648650772354769,0.7378613476788761,0.7620326695462474,0.7143299735598115,0.5005419732550953,0.1590297510908754
0.2846488749311234,0.3577566582076616,0.3993809123376483,0.3531368901328962,0.22337496989487457,0.08364092215829655,0.03729742834482259,0.33682652809357494,0.9045557615988996
0.30476132263359573,0.4386204244387826,0.5769083207665158,0.6411376729181636,0.5905300305110927,0.441746822369954,0.25682862720625615,0.04719001479374688,0.095222074190826
0.3426729800722175,0.5672703515159445,0.794082512908502,0.8909244942429898,0.7972354618933664,0.5558094377274316,0.284882889511706,0.07795222984199694,0.3341133323957107
0.2764230225431466,0.3434546144672623,0.4192230104287301,0.4649602096415938,0.45092362677980846,0.3695464558886413,0.24076372730548032,0.035145215823027307,0.1775711668103777
0.3426729800722175,0.5672703515159447,0.7940825129085016,0.8909244942429898,0.7972354618933661,0.5558094377274315,0.2848828895117058,0.077952229841997,0.33411333239571106
0.3426729800722175,0.5672703515159447,0.7940825129085017,0.8909244942429895,0.7972354618933665,0.555809437727431,0.2848828895117057,0.07795222984199701,0.3341133323957107
0.34267301525980937,0.5672704097664591,0.7940825944493665,0.890924585728135,0.7972355437579938,0.555809494801075,0.28488291876508554,0.07795223784657089,0.33411336670434955
0.3047613539282049,0.4386204694787976,0.5769083800067104,0.6411377387537909,0.5905300911500424,0.4417468677310056,0.2568286535788664,0.04719001963948352,0.09522208396876493
0.284648904160473,0.35775669494412987,0.3993809533483296,0.35313692639498107,0.2233749928322742,0.08364093074701782,0.03729743217473268,0.3368265626808207,0.9045558544837812
0.2865844146677774,0.38579381223886433,0.5191446736361879,0.6486507057476611,0.7378612719111248,0.762032591296449,0.7143299002083943,0.5005419218566316,0.1590297347608065
0.3426730152598093,0.5672704097664591,0.7940825944493665,0.8909245857281349,0.7972355437579939,0.555809494801075,0.2848829187650856,0.07795223784657089,0.33411336670434955
0.2865844440958794,0.3857938518543455,0.5191447269448864,0.6486507723547688,0.7378613476788762,0.762032669546248,0.7143299735598123,0.5005419732550954,0.15902975109087547
0.31549911201164477,0.4891157918460827,0.7102007125824981,0.9015225507545535,0.9962470839249049,0.9612843074152165,0.8088477249457213,0.43296790157472703,0.29012259095017406
0.26724307372943396,0.31595594691356915,0.38757751324454104,0.4693882192437179,0.5465744973703031,0.6046431481948954,0.6318014780296947,0.5868334148665115,0.3491772470173525
0.34267301525980925,0.5672704097664596,0.7940825944493668,0.8909245857281359,0.7972355437579935,0.5558094948010757,0.2848829187650858,0.07795223784657081,0.33411336670434993
0.31549911201164477,0.4891157918460827,0.7102007125824978,0.9015225507545535,0.9962470839249049,0.9612843074152166,0.8088477249457213,0.4329679015747271,0.29012259095017406
0.3047613539282049,0.4386204694787983,0.576908380006711,0.6411377387537914,0.590530091150042,0.44174686773100563,0.25682865357886675,0.04719001963948354,0.09522208396876582
0.30476132263359573,0.43862042443878263,0.5769083207665158,0.6411376729181635,0.5905300305110927,0.44174682236995394,0.25682862720625615,0.047190014793746946,0.09522207419082601
0.28464887493112345,0.35775665820766167,0.3993809123376481,0.3531368901328962,0.22337496989487457,0.08364092215829644,0.03729742834482251,0.33682652809357494,0.9045557615988997
0.3426729800722175,0.5672703515159445,0.794082512908502,0.8909244942429894,0.7972354618933665,0.5558094377274311,0.28488288951170565,0.07795222984199701,0.3341133323957107
0.2865844146677776,0.3857938122388641,0.519144673636188,0.6486507057476606,0.737861271911125,0.7620325912964487,0.7143299002083937,0.5005419218566319,0.15902973476080656
0.2865844146677776,0.3857938122388643,0.5191446736361879,0.6486507057476609,0.7378612719111248,0.7620325912964486,0.7143299002083943,0.5005419218566317,0.1590297347608064
0.304761353928205,0.4386204694787982,0.5769083800067106,0.6411377387537905,0.5905300911500416,0.441746867731006,0.25682865357886675,0.04719001963948359,0.095222083968765
0.34267301525980937,0.5672704097664585,0.7940825944493671,0.890924585728135,0.7972355437579939,0.5558094948010756,0.28488291876508554,0.07795223784657142,0.33411336670434955
0.3047613539282049,0.4386204694787982,0.576908380006711,0.6411377387537914,0.590530091150042,0.44174686773100563,0.25682865357886675,0.04719001963948355,0.09522208396876577
0.27642299415847665,0.3434545791994115,0.4192229673805544,0.46496016189686495,0.45092358047643516,0.3695464179415332,0.240763702582507,0.035145212214119,0.1775711485763722
0.284648904160473,0.3577566949441301,0.3993809533483294,0.35313692639498145,0.22337499283227455,0.08364093074701759,0.037297432174732616,0.33682656268081995,0.9045558544837801
0.27642299415847654,0.3434545791994118,0.4192229673805553,0.46496016189686495,0.4509235804764355,0.3695464179415333,0.24076370258250737,0.03514521221411902,0.17757114857637202
0.304761353928205,0.4386204694787982,0.5769083800067106,0.6411377387537908,0.5905300911500416,0.4417468677310061,0.2568286535788668,0.04719001963948359,0.095222083968765
0.3154991444088705,0.48911584207124725,0.7102007855099075,0.9015226433279666,0.9962471862251674,0.9612844061253053,0.8088478080027622,0.4329679460343098,0.2901226207415962
0.304761353928205,0.4386204694787982,0.5769083800067106,0.6411377387537908,0.5905300911500416,0.44174686773100613,0.2568286535788671,0.04719001963948359,0.09522208396876501
0.284648904160473,0.3577566949441299,0.3993809533483295,0.35313692639498145,0.22337499283227455,0.08364093074701759,0.03729743217473253,0.33682656268082,0.9045558544837801
0.3426729800722176,0.5672703515159448,0.7940825129085016,0.8909244942429898,0.7972354618933661,0.5558094377274314,0.28488288951170576,0.07795222984199704,0.33411333239571106
0.2846489041604731,0.35775669494412987,0.3993809533483296,0.3531369263949813,0.22337499283227427,0.0836409307470175,0.03729743217473256,0.33682656268082,0.9045558544837797
0.31549911201164477,0.489115791846083,0.7102007125824982,0.9015225507545535,0.9962470839249054,0.9612843074152166,0.8088477249457217,0.432967901574727,0.29012259095017406
0.26724307372943396,0.3159559469135696,0.3875775132445413,0.4693882192437181,0.5465744973703032,0.6046431481948955,0.6318014780296944,0.5868334148665116,0.34917724701735253
0.34267298007221747,0.567270351515945,0.7940825129085017,0.8909244942429898,0.7972354618933661,0.5558094377274314,0.2848828895117058,0.077952229841997,0.33411333239571095
0.31549914440887056,0.4891158420712472,0.7102007855099075,0.9015226433279666,0.9962471862251674,0.9612844061253053,0.8088478080027623,0.4329679460343098,0.2901226207415962
0.2764230225431465,0.3434546144672623,0.41922301042872984,0.4649602096415937,0.45092362677980846,0.3695464558886413,0.24076372730548032,0.035145215823027216,0.1775711668103777
0.2764229941584767,0.3434545791994114,0.41922296738055476,0.46496016189686495,0.45092358047643494,0.36954641794153303,0.240763702582507,0.035145212214119,0.17757114857637213
0.30476135392820497,0.43862046947879835,0.5769083800067114,0.641137738753791,0.5905300911500428,0.44174686773100574,0.2568286535788664,0.04719001963948354,0.09522208396876491
0.30476135392820464,0.4386204694787981,0.5769083800067111,0.6411377387537908,0.5905300911500424,0.4417468677310055,0.2568286535788666,0.04719001963948379,0.09522208396876496
0.2865844440958794,0.38579385185434556,0.5191447269448864,0.6486507723547688,0.7378613476788757,0.762032669546248,0.7143299735598123,0.5005419732550954,0.15902975109087547
0.27642302254314655,0.3434546144672624,0.4192230104287302,0.46496020964159324,0.45092362677980824,0.36954645588864093,0.24076372730548024,0.035145215823027355,0.1775711668103779
0.2764229941584765,0.34345457919941186,0.4192229673805553,0.464960161896865,0.4509235804764355,0.3695464179415333,0.24076370258250737,0.03514521221411902,0.17757114857637232
0.3154991120116447,0.48911579184608317,0.7102007125824984,0.9015225507545537,0.9962470839249054,0.961284307415217,0.8088477249457217,0.43296790157472703,0.2901225909501742
0.30476132263359573,0.43862042443878263,0.576908320766515,0.6411376729181636,0.5905300305110923,0.4417468223699539,0.25682862720625627,0.047190014793747126,0.0952220741908261
0.2764229941584765,0.34345457919941164,0.4192229673805547,0.464960161896865,0.4509235804764351,0.3695464179415328,0.24076370258250732,0.03514521221411902,0.17757114857637202
0.2672430462874127,0.3159559144694364,0.38757747344590326,0.4693881710442963,0.5465744412449608,0.604643086106737,0.6318014131527664,0.5868333546071576,0.34917721116186945
0.304761353928205,0.43862046947879796,0.5769083800067107,0.641137738753791,0.590530091150042,0.44174686773100574,0.25682865357886636,0.04719001963948365,0.09522208396876515
0.3426729800722175,0.5672703515159445,0.794082512908502,0.8909244942429894,0.7972354618933665,0.5558094377274311,0.28488288951170565,0.07795222984199701,0.3341133323957107
0.30476135392820497,0.4386204694787976,0.5769083800067111,0.641137738753791,0.5905300911500425,0.44174686773100613,0.2568286535788665,0.047190019639483514,0.0952220839687649
0.30476132263359573,0.4386204244387826,0.5769083207665159,0.6411376729181636,0.5905300305110927,0.44174682236995394,0.25682862720625615,0.047190014793746946,0.09522207419082601
0.284648904160473,0.35775669494413,0.3993809533483293,0.3531369263949815,0.2233749928322745,0.08364093074701759,0.03729743217473266,0.33682656268081995,0.9045558544837801
0.30476132263359573,0.43862042443878263,0.5769083207665158,0.6411376729181636,0.5905300305110927,0.44174682236995394,0.25682862720625627,0.047190014793746946,0.09522207419082603
0.27642302254314655,0.3434546144672624,0.4192230104287302,0.46496020964159324,0.45092362677980813,0.36954645588864093,0.24076372730548026,0.03514521582302737,0.17757116681037788
0.3047613226335957,0.43862042443878246,0.5769083207665152,0.6411376729181633,0.5905300305110923,0.4417468223699536,0.2568286272062565,0.04719001479374722,0.09522207419082637
0.34267301525980937,0.5672704097664585,0.7940825944493671,0.890924585728135,0.7972355437579942,0.5558094948010756,0.28488291876508554,0.07795223784657142,0.33411336670434955
0.34267301525980925,0.5672704097664591,0.7940825944493665,0.8909245857281349,0.7972355437579939,0.555809494801075,0.28488291876508554,0.07795223784657089,0.33411336670434966
0.3426730152598092,0.5672704097664585,0.7940825944493671,0.890924585728135,0.7972355437579939,0.5558094948010756,0.28488291876508554,0.07795223784657142,0.33411336670434955
0.30476132263359584,0.43862042443878263,0.5769083207665155,0.6411376729181635,0.590530030511093,0.44174682236995366,0.25682862720625643,0.047190014793747244,0.09522207419082643
0.2764229941584765,0.34345457919941175,0.4192229673805547,0.4649601618968649,0.45092358047643494,0.3695464179415333,0.24076370258250734,0.03514521221411903,0.17757114857637202
0.3426729800722174,0.5672703515159445,0.7940825129085014,0.8909244942429897,0.797235461893366,0.5558094377274312,0.28488288951170565,0.07795222984199698,0.334113332395711
0.3047613539282049,0.4386204694787983,0.576908380006711,0.6411377387537914,0.590530091150042,0.4417468677310055,0.25682865357886653,0.04719001963948357,0.09522208396876577
0.31549914440887056,0.4891158420712472,0.7102007855099075,0.9015226433279666,0.9962471862251676,0.9612844061253053,0.8088478080027613,0.4329679460343098,0.2901226207415962
0.34267298007221747,0.5672703515159448,0.7940825129085016,0.8909244942429896,0.7972354618933661,0.5558094377274315,0.2848828895117058,0.077952229841997,0.334113332395711
0.3047613226335958,0.4386204244387828,0.5769083207665154,0.6411376729181635,0.590530030511093,0.4417468223699537,0.2568286272062564,0.04719001479374722,0.09522207419082647
0.27642302254314655,0.3434546144672623,0.4192230104287298,0.4649602096415937,0.45092362677980835,0.3695464558886413,0.24076372730548012,0.035145215823027216,0.1775711668103777
0.3426730152598094,0.5672704097664591,0.7940825944493664,0.8909245857281349,0.7972355437579935,0.555809494801075,0.2848829187650857,0.07795223784657093,0.33411336670434955
0.3047613539282051,0.4386204694787981,0.5769083800067106,0.6411377387537908,0.5905300911500416,0.44174686773100613,0.2568286535788669,0.04719001963948359,0.09522208396876501
0.2865844440958794,0.3857938518543455,0.5191447269448864,0.6486507723547686,0.737861347678876,0.762032669546248,0.7143299735598123,0.5005419732550954,0.15902975109087544
0.31549914440887067,0.4891158420712472,0.7102007855099073,0.9015226433279664,0.9962471862251665,0.9612844061253042,0.8088478080027619,0.4329679460343099,0.290122620741596
0.26724307372943396,0.3159559469135693,0.38757751324454126,0.4693882192437175,0.5465744973703032,0.604643148194895,0.631801478029694,0.5868334148665117,0.349177247017352
0.3426729800722176,0.5672703515159446,0.7940825129085017,0.8909244942429894,0.7972354618933665,0.555809437727431,0.2848828895117058,0.07795222984199701,0.3341133323957108
0.3426729800722174,0.5672703515159446,0.7940825129085013,0.8909244942429896,0.7972354618933658,0.5558094377274311,0.2848828895117057,0.07795222984199694,0.33411333239571095
0.31549911201164477,0.489115791846083,0.7102007125824982,0.9015225507545536,0.9962470839249054,0.9612843074152166,0.8088477249457215,0.4329679015747271,0.29012259095017406
0.30476132263359584,0.4386204244387828,0.5769083207665155,0.6411376729181635,0.590530030511093,0.4417468223699537,0.25682862720625643,0.04719001479374722,0.0952220741908265
0.28658444409587935,0.3857938518543454,0.5191447269448869,0.6486507723547686,0.7378613476788762,0.7620326695462475,0.7143299735598115,0.5005419732550954,0.1590297510908754
0.34267298007221747,0.5672703515159448,0.7940825129085017,0.8909244942429898,0.7972354618933661,0.5558094377274315,0.2848828895117057,0.077952229841997,0.33411333239571106
0.34267301525980925,0.5672704097664597,0.7940825944493668,0.8909245857281359,0.7972355437579935,0.5558094948010757,0.2848829187650858,0.07795223784657081,0.33411336670434993
0.27642302254314655,0.3434546144672623,0.4192230104287298,0.4649602096415937,0.45092362677980846,0.3695464558886413,0.2407637273054803,0.035145215823027195,0.1775711668103777
0.2764230225431466,0.3434546144672622,0.41922301042873034,0.4649602096415933,0.45092362677980813,0.36954645588864093,0.24076372730548026,0.03514521582302738,0.17757116681037793
0.30476132263359584,0.4386204244387828,0.5769083207665151,0.6411376729181636,0.5905300305110928,0.441746822369954,0.2568286272062563,0.047190014793747175,0.09522207419082625
0.3047613226335958,0.4386204244387828,0.5769083207665151,0.6411376729181636,0.5905300305110928,0.4417468223699539,0.2568286272062563,0.04719001479374715,0.09522207419082618
0.28658441466777757,0.3857938122388641,0.519144673636188,0.6486507057476606,0.7378612719111252,0.7620325912964486,0.7143299002083938,0.500541921856632,0.15902973476080656
0.31549914440887056,0.4891158420712472,0.7102007855099075,0.9015226433279666,0.9962471862251674,0.9612844061253053,0.8088478080027622,0.4329679460343098,0.29012262074159617
0.31549911201164477,0.4891157918460833,0.7102007125824984,0.9015225507545537,0.9962470839249052,0.961284307415217,0.8088477249457215,0.43296790157472703,0.2901225909501741
0.304761353928205,0.4386204694787982,0.5769083800067109,0.6411377387537908,0.5905300911500421,0.44174686773100574,0.25682865357886653,0.0471900196394837,0.09522208396876503
0.30476132263359573,0.4386204244387828,0.5769083207665151,0.6411376729181636,0.5905300305110928,0.4417468223699539,0.25682862720625627,0.047190014793747175,0.09522207419082614
0.30476135392820514,0.43862046947879835,0.5769083800067109,0.6411377387537909,0.5905300911500421,0.441746867731006,0.2568286535788668,0.04719001963948364,0.09522208396876501
0.3047613539282049,0.43862046947879835,0.576908380006711,0.6411377387537914,0.590530091150042,0.44174686773100547,0.25682865357886675,0.04719001963948357,0.09522208396876582
0.3047613539282049,0.4386204694787983,0.576908380006711,0.6411377387537914,0.590530091150042,0.44174686773100547,0.2568286535788664,0.04719001963948354,0.09522208396876577
0.2764229941584766,0.34345457919941164,0.4192229673805547,0.464960161896865,0.4509235804764355,0.3695464179415333,0.24076370258250707,0.035145212214118975,0.17757114857637224
0.3047613539282051,0.4386204694787982,0.5769083800067109,0.6411377387537908,0.5905300911500422,0.4417468677310058,0.2568286535788666,0.04719001963948375,0.09522208396876505
0.3426729800722176,0.5672703515159447,0.7940825129085017,0.8909244942429895,0.7972354618933666,0.5558094377274311,0.28488288951170576,0.07795222984199701,0.3341133323957108
0.3426729800722175,0.5672703515159447,0.7940825129085017,0.8909244942429898,0.7972354618933661,0.5558094377274314,0.28488288951170576,0.07795222984199704,0.33411333239571106
0.3047613539282051,0.4386204694787981,0.576908380006711,0.6411377387537908,0.5905300911500422,0.4417468677310058,0.25682865357886653,0.04719001963948375,0.0952220839687651
0.34267301525980925,0.5672704097664596,0.7940825944493668,0.8909245857281358,0.7972355437579935,0.5558094948010757,0.2848829187650858,0.07795223784657081,0.33411336670434993
0.3047613539282049,0.4386204694787983,0.576908380006711,0.6411377387537914,0.590530091150042,0.4417468677310056,0.25682865357886653,0.04719001963948357,0.09522208396876577
0.31549914440887056,0.4891158420712472,0.7102007855099075,0.9015226433279665,0.9962471862251676,0.9612844061253053,0.8088478080027623,0.4329679460343098,0.29012262074159617
0.2764230225431466,0.3434546144672623,0.4192230104287304,0.4649602096415933,0.4509236267798083,0.36954645588864093,0.24076372730548026,0.03514521582302738,0.17757116681037793
0.34267301525980925,0.5672704097664596,0.7940825944493668,0.8909245857281359,0.7972355437579935,0.5558094948010757,0.2848829187650858,0.07795223784657081,0.33411336670434993
0.284648904160473,0.35775669494413,0.3993809533483294,0.35313692639498145,0.22337499283227455,0.08364093074701759,0.037297432174732595,0.33682656268082,0.9045558544837801
0.34267298007221747,0.5672703515159447,0.7940825129085016,0.8909244942429898,0.7972354618933661,0.5558094377274314,0.2848828895117058,0.07795222984199697,0.334113332395711
0.30476132263359584,0.43862042443878263,0.5769083207665158,0.6411376729181635,0.5905300305110927,0.44174682236995394,0.25682862720625615,0.047190014793746946,0.095222074190826
0.30476132263359584,0.4386204244387828,0.5769083207665155,0.6411376729181635,0.590530030511093,0.4417468223699537,0.25682862720625643,0.047190014793747244,0.09522207419082643
0.30476132263359573,0.43862042443878263,0.576908320766515,0.6411376729181636,0.5905300305110923,0.4417468223699539,0.25682862720625627,0.047190014793747195,0.09522207419082628
0.3047613539282051,0.43862046947879857,0.5769083800067114,0.6411377387537922,0.5905300911500428,0.4417468677310069,0.2568286535788666,0.04719001963948356,0.09522208396876498
0.31549911201164477,0.4891157918460827,0.7102007125824982,0.9015225507545533,0.9962470839249049,0.961284307415217,0.8088477249457213,0.43296790157472703,0.29012259095017406
0.3047613539282051,0.4386204694787982,0.5769083800067106,0.6411377387537908,0.5905300911500416,0.44174686773100613,0.25682865357886664,0.04719001963948359,0.09522208396876501
0.3047613539282051,0.4386204694787981,0.5769083800067106,0.6411377387537905,0.5905300911500416,0.441746867731006,0.25682865357886714,0.04719001963948359,0.09522208396876503
0.30476135392820497,0.43862046947879835,0.576908380006711,0.6411377387537914,0.590530091150042,0.44174686773100563,0.2568286535788666,0.04719001963948357,0.09522208396876577
0.28658441466777745,0.38579381223886416,0.519144673636188,0.648650705747661,0.7378612719111247,0.7620325912964486,0.7143299002083943,0.5005419218566317,0.1590297347608064
0.3154991120116447,0.4891157918460831,0.7102007125824982,0.9015225507545537,0.9962470839249054,0.961284307415217,0.8088477249457217,0.43296790157472703,0.2901225909501743
0.34267301525980925,0.5672704097664596,0.7940825944493668,0.890924585728136,0.7972355437579935,0.5558094948010757,0.2848829187650858,0.07795223784657081,0.33411336670434993
0.30476135392820497,0.4386204694787976,0.5769083800067104,0.6411377387537908,0.5905300911500424,0.44174686773100563,0.2568286535788665,0.047190019639483514,0.09522208396876491
0.3047613539282049,0.43862046947879835,0.576908380006711,0.6411377387537914,0.590530091150042,0.44174686773100563,0.25682865357886664,0.04719001963948354,0.09522208396876577
0.34267301525980937,0.5672704097664585,0.794082594449367,0.890924585728135,0.7972355437579942,0.5558094948010754,0.2848829187650855,0.07795223784657142,0.33411336670434955
0.31549911201164477,0.489115791846083,0.7102007125824982,0.9015225507545536,0.9962470839249054,0.9612843074152166,0.8088477249457217,0.43296790157472703,0.29012259095017406
0.30476135392820497,0.4386204694787983,0.576908380006711,0.6411377387537914,0.590530091150042,0.4417468677310056,0.25682865357886675,0.04719001963948354,0.09522208396876582
0.2764229941584766,0.34345457919941164,0.4192229673805547,0.46496016189686495,0.45092358047643555,0.3695464179415333,0.240763702582507,0.035145212214118954,0.1775711485763722
0.3047613539282049,0.43862046947879835,0.576908380006711,0.6411377387537914,0.590530091150042,0.44174686773100563,0.25682865357886675,0.04719001963948357,0.09522208396876577
0.31549914440887056,0.4891158420712472,0.7102007855099073,0.9015226433279666,0.9962471862251676,0.9612844061253053,0.8088478080027623,0.4329679460343098,0.29012262074159617
0.304761353928205,0.43862046947879835,0.576908380006711,0.6411377387537909,0.5905300911500416,0.441746867731006,0.2568286535788669,0.047190019639483535,0.0952220839687651
0.3426730152598093,0.5672704097664597,0.7940825944493668,0.890924585728136,0.7972355437579935,0.5558094948010757,0.2848829187650854,0.07795223784657081,0.33411336670434993
0.2764230225431464,0.3434546144672623,0.41922301042873017,0.46496020964159324,0.45092362677980835,0.3695464558886412,0.24076372730548024,0.035145215823027744,0.17757116681037846
0.31549914440887056,0.4891158420712472,0.7102007855099075,0.9015226433279666,0.9962471862251674,0.9612844061253053,0.8088478080027623,0.4329679460343098,0.2901226207415962
0.27642302254314655,0.3434546144672623,0.41922301042873,0.4649602096415937,0.45092362677980846,0.3695464558886413,0.24076372730548035,0.035145215823027307,0.17757116681037777
0.34267301525980937,0.5672704097664593,0.7940825944493664,0.890924585728135,0.7972355437579937,0.555809494801075,0.2848829187650856,0.07795223784657088,0.33411336670434955
0.2846488749311234,0.3577566582076613,0.3993809123376481,0.3531368901328962,0.22337496989487443,0.0836409221582964,0.037297428344822546,0.3368265280935749,0.9045557615988995
0.31549914440887067,0.4891158420712472,0.7102007855099073,0.9015226433279666,0.9962471862251665,0.9612844061253042,0.8088478080027618,0.4329679460343099,0.290122620741596
0.30476135392820475,0.43862046947879796,0.5769083800067113,0.6411377387537908,0.5905300911500423,0.44174686773100574,0.2568286535788666,0.04719001963948375,0.09522208396876498
0.30476132263359584,0.4386204244387828,0.5769083207665154,0.6411376729181635,0.5905300305110931,0.4417468223699536,0.25682862720625643,0.04719001479374722,0.09522207419082643
0.3047613539282051,0.4386204694787982,0.5769083800067106,0.6411377387537908,0.5905300911500416,0.44174686773100613,0.2568286535788671,0.04719001963948359,0.09522208396876501
0.304761353928205,0.4386204694787981,0.5769083800067106,0.6411377387537908,0.5905300911500416,0.441746867731006,0.25682865357886686,0.04719001963948359,0.09522208396876504
0.30476132263359584,0.4386204244387828,0.5769083207665154,0.6411376729181635,0.5905300305110929,0.4417468223699537,0.2568286272062565,0.04719001479374722,0.0952220741908265
0.3047613226335957,0.4386204244387826,0.5769083207665158,0.6411376729181635,0.5905300305110927,0.44174682236995394,0.25682862720625615,0.047190014793746946,0.09522207419082603
0.34267301525980937,0.5672704097664585,0.7940825944493671,0.890924585728135,0.7972355437579939,0.5558094948010754,0.2848829187650855,0.07795223784657142,0.33411336670434955
0.34267301525980937,0.5672704097664585,0.7940825944493671,0.890924585728135,0.7972355437579939,0.5558094948010754,0.2848829187650855,0.07795223784657142,0.33411336670434955
0.31549911201164477,0.4891157918460828,0.7102007125824981,0.9015225507545535,0.9962470839249049,0.9612843074152168,0.8088477249457213,0.43296790157472703,0.29012259095017406
0.3426730152598095,0.5672704097664605,0.7940825944493674,0.8909245857281352,0.797235543757994,0.5558094948010756,0.2848829187650855,0.07795223784657138,0.33411336670434955
0.27642302254314655,0.3434546144672623,0.4192230104287301,0.4649602096415938,0.45092362677980846,0.3695464558886413,0.24076372730548015,0.035145215823027307,0.17757116681037774
0.3426729800722176,0.5672703515159447,0.7940825129085017,0.8909244942429894,0.7972354618933666,0.555809437727431,0.2848828895117057,0.07795222984199701,0.3341133323957108
0.28658444409587935,0.38579385185434556,0.5191447269448869,0.6486507723547689,0.7378613476788761,0.7620326695462475,0.7143299735598115,0.5005419732550954,0.15902975109087533
0.3047613539282051,0.4386204694787981,0.5769083800067107,0.6411377387537908,0.5905300911500423,0.44174686773100574,0.2568286535788666,0.04719001963948375,0.0952220839687651
0.31549914440887056,0.4891158420712472,0.7102007855099075,0.9015226433279666,0.9962471862251676,0.9612844061253053,0.8088478080027623,0.4329679460343098,0.29012262074159617
0.34267301525980925,0.5672704097664596,0.7940825944493668,0.890924585728136,0.7972355437579935,0.5558094948010757,0.2848829187650858,0.0779522378465708,0.33411336670434993
0.2846488749311233,0.3577566582076613,0.3993809123376483,0.3531368901328963,0.22337496989487435,0.08364092215829617,0.037297428344822886,0.33682652809357494,0.9045557615988997
0.31549914440887067,0.4891158420712472,0.7102007855099073,0.9015226433279663,0.996247186225167,0.9612844061253042,0.8088478080027619,0.4329679460343099,0.2901226207415961
0.2865844440958794,0.3857938518543455,0.5191447269448864,0.6486507723547686,0.7378613476788758,0.7620326695462479,0.7143299735598123,0.5005419732550955,0.15902975109087544
0.2865844440958794,0.3857938518543455,0.5191447269448864,0.6486507723547688,0.7378613476788762,0.762032669546248,0.7143299735598123,0.5005419732550955,0.15902975109087544
0.3047613226335957,0.43862042443878246,0.5769083207665153,0.6411376729181633,0.5905300305110927,0.4417468223699536,0.2568286272062563,0.04719001479374723,0.09522207419082637
0.2865844440958793,0.3857938518543456,0.5191447269448869,0.6486507723547684,0.7378613476788768,0.762032669546248,0.7143299735598115,0.5005419732550951,0.15902975109087508
0.3154991120116448,0.48911579184608295,0.7102007125824985,0.9015225507545537,0.9962470839249054,0.9612843074152171,0.8088477249457215,0.43296790157472703,0.2901225909501742
0.2764229941584766,0.34345457919941147,0.4192229673805545,0.46496016189686495,0.4509235804764351,0.3695464179415333,0.24076370258250707,0.03514521221411899,0.17757114857637218
0.3047613539282051,0.4386204694787981,0.5769083800067106,0.6411377387537908,0.5905300911500416,0.44174686773100613,0.25682865357886675,0.04719001963948359,0.09522208396876501
0.3047613226335958,0.43862042443878285,0.5769083207665151,0.6411376729181637,0.5905300305110928,0.4417468223699539,0.2568286272062563,0.04719001479374716,0.09522207419082616
0.3047613226335957,0.43862042443878263,0.5769083207665152,0.6411376729181634,0.5905300305110924,0.4417468223699535,0.2568286272062564,0.047190014793747175,0.09522207419082637
0.30476132263359573,0.43862042443878285,0.5769083207665151,0.6411376729181636,0.5905300305110928,0.4417468223699539,0.2568286272062563,0.04719001479374715,0.0952220741908262
0.3154991444088705,0.4891158420712472,0.7102007855099075,0.9015226433279666,0.9962471862251674,0.9612844061253053,0.8088478080027617,0.4329679460343098,0.29012262074159617
0.3154991444088705,0.4891158420712472,0.7102007855099075,0.9015226433279666,0.9962471862251676,0.9612844061253053,0.8088478080027622,0.4329679460343098,0.29012262074159617
0.28464887493112323,0.3577566582076613,0.3993809123376485,0.3531368901328961,0.22337496989487435,0.08364092215829654,0.03729742834482268,0.33682652809357505,0.9045557615988996
0.3426729800722176,0.5672703515159448,0.7940825129085017,0.8909244942429898,0.7972354618933661,0.5558094377274315,0.28488288951170576,0.07795222984199693,0.3341133323957109
0.30476132263359573,0.43862042443878263,0.5769083207665158,0.6411376729181635,0.5905300305110927,0.44174682236995394,0.25682862720625615,0.047190014793747015,0.09522207419082598
0.2764230225431464,0.3434546144672623,0.4192230104287305,0.46496020964159324,0.45092362677980846,0.3695464558886412,0.24076372730548018,0.035145215823027806,0.17757116681037838
0.3047613539282049,0.4386204694787983,0.576908380006711,0.6411377387537914,0.590530091150042,0.44174686773100547,0.25682865357886653,0.04719001963948352,0.09522208396876577
0.3047613539282049,0.4386204694787983,0.576908380006711,0.6411377387537914,0.590530091150042,0.4417468677310056,0.25682865357886653,0.04719001963948354,0.09522208396876584
0.34267301525980937,0.5672704097664591,0.7940825944493665,0.8909245857281349,0.7972355437579939,0.555809494801075,0.2848829187650856,0.07795223784657085,0.33411336670434966
0.30476132263359584,0.4386204244387828,0.5769083207665154,0.6411376729181635,0.5905300305110929,0.44174682236995366,0.25682862720625643,0.047190014793747244,0.09522207419082643
0.30476135392820486,0.43862046947879835,0.5769083800067111,0.641137738753791,0.5905300911500423,0.44174686773100563,0.25682865357886636,0.04719001963948371,0.09522208396876504
0.3047613226335957,0.43862042443878246,0.5769083207665153,0.6411376729181631,0.5905300305110928,0.44174682236995366,0.2568286272062564,0.04719001479374723,0.09522207419082637
0.2764230225431465,0.3434546144672623,0.41922301042873017,0.464960209641593,0.45092362677980835,0.36954645588864105,0.24076372730548026,0.03514521582302742,0.1775711668103778
0.2865844146677775,0.38579381223886444,0.519144673636188,0.6486507057476608,0.7378612719111247,0.7620325912964486,0.7143299002083943,0.5005419218566316,0.1590297347608064
0.3047613226335957,0.4386204244387828,0.5769083207665151,0.6411376729181634,0.5905300305110928,0.4417468223699539,0.25682862720625627,0.04719001479374715,0.09522207419082625
0.3426729800722176,0.5672703515159448,0.7940825129085017,0.8909244942429895,0.7972354618933666,0.5558094377274311,0.28488288951170565,0.07795222984199701,0.33411333239571067
0.28658444409587935,0.3857938518543455,0.5191447269448863,0.6486507723547688,0.7378613476788763,0.762032669546248,0.7143299735598123,0.5005419732550954,0.15902975109087542
0.31549914440887067,0.4891158420712472,0.7102007855099075,0.9015226433279664,0.996247186225167,0.9612844061253042,0.8088478080027619,0.4329679460343099,0.2901226207415961
0.2865844146677773,0.38579381223886394,0.5191446736361877,0.6486507057476608,0.7378612719111244,0.7620325912964487,0.7143299002083939,0.5005419218566315,0.15902973476080634
0.28464890416047306,0.3577566949441299,0.3993809533483296,0.3531369263949813,0.22337499283227427,0.08364093074701748,0.03729743217473261,0.33682656268082,0.9045558544837797
0.3047613539282049,0.43862046947879835,0.576908380006711,0.6411377387537914,0.590530091150042,0.44174686773100563,0.25682865357886653,0.04719001963948357,0.09522208396876577
0.34267301525980937,0.5672704097664591,0.7940825944493665,0.890924585728135,0.7972355437579939,0.555809494801075,0.28488291876508554,0.07795223784657085,0.33411336670434966
0.304761353928205,0.4386204694787983,0.5769083800067109,0.6411377387537908,0.5905300911500418,0.44174686773100574,0.25682865357886653,0.0471900196394837,0.09522208396876507
0.3047613539282049,0.4386204694787983,0.576908380006711,0.6411377387537914,0.590530091150042,0.44174686773100563,0.25682865357886675,0.04719001963948355,0.09522208396876577
0.31549914440887067,0.48911584207124753,0.7102007855099076,0.9015226433279668,0.9962471862251677,0.9612844061253053,0.8088478080027619,0.4329679460343099,0.2901226207415963
0.30476135392820497,0.43862046947879774,0.576908380006711,0.6411377387537908,0.5905300911500425,0.44174686773100597,0.2568286535788665,0.047190019639483514,0.09522208396876491
0.2865844146677776,0.3857938122388641,0.519144673636188,0.6486507057476607,0.7378612719111252,0.7620325912964486,0.7143299002083939,0.5005419218566319,0.1590297347608066
0.3047613226335958,0.4386204244387827,0.5769083207665155,0.6411376729181635,0.590530030511093,0.4417468223699537,0.25682862720625643,0.0471900147937472,0.09522207419082647
0.26724307372943384,0.3159559469135693,0.3875775132445411,0.4693882192437173,0.5465744973703028,0.6046431481948947,0.6318014780296939,0.5868334148665114,0.349177247017352
0.28464887493112323,0.3577566582076612,0.3993809123376483,0.3531368901328964,0.22337496989487413,0.08364092215829613,0.037297428344822886,0.336826528093575,0.9045557615988997
0.30476132263359584,0.4386204244387827,0.5769083207665154,0.6411376729181635,0.590530030511093,0.44174682236995366,0.25682862720625643,0.04719001479374722,0.09522207419082643
0.34267301525980925,0.5672704097664596,0.7940825944493668,0.8909245857281359,0.7972355437579935,0.5558094948010757,0.2848829187650858,0.0779522378465708,0.33411336670434993
0.30476135392820514,0.43862046947879835,0.5769083800067113,0.6411377387537915,0.5905300911500421,0.4417468677310058,0.2568286535788668,0.04719001963948354,0.09522208396876561
0.3154991120116448,0.48911579184608295,0.7102007125824985,0.9015225507545537,0.9962470839249054,0.961284307415217,0.8088477249457217,0.43296790157472703,0.29012259095017406
0.2865844440958794,0.38579385185434556,0.5191447269448864,0.6486507723547689,0.7378613476788757,0.762032669546248,0.7143299735598123,0.5005419732550955,0.15902975109087544
0.3426729800722176,0.567270351515945,0.7940825129085017,0.8909244942429898,0.7972354618933661,0.5558094377274314,0.2848828895117058,0.07795222984199697,0.334113332395711
0.31549914440887067,0.4891158420712472,0.7102007855099073,0.9015226433279665,0.9962471862251665,0.9612844061253042,0.8088478080027619,0.4329679460343099,0.29012262074159595
0.30476132263359573,0.43862042443878263,0.576908320766515,0.6411376729181635,0.5905300305110925,0.441746822369954,0.2568286272062563,0.047190014793747126,0.09522207419082614
0.30476135392820497,0.4386204694787981,0.5769083800067109,0.6411377387537908,0.5905300911500423,0.4417468677310058,0.2568286535788666,0.04719001963948375,0.09522208396876505
0.31549914440887056,0.4891158420712472,0.7102007855099075,0.9015226433279666,0.9962471862251674,0.9612844061253053,0.8088478080027623,0.4329679460343098,0.2901226207415962
0.3426729800722176,0.5672703515159442,0.7940825129085016,0.8909244942429894,0.797235461893366,0.5558094377274309,0.28488288951170565,0.077952229841997,0.3341133323957107
0.2865844440958793,0.38579385185434556,0.5191447269448869,0.6486507723547685,0.7378613476788768,0.762032669546248,0.7143299735598115,0.5005419732550951,0.15902975109087508
0.3047613539282049,0.43862046947879774,0.5769083800067104,0.641137738753791,0.5905300911500424,0.44174686773100613,0.2568286535788664,0.04719001963948358,0.09522208396876491
0.34267298007221747,0.5672703515159443,0.7940825129085014,0.8909244942429897,0.7972354618933658,0.5558094377274314,0.28488288951170565,0.07795222984199704,0.33411333239571095
0.3154991120116449,0.4891157918460829,0.7102007125824985,0.9015225507545537,0.9962470839249052,0.961284307415217,0.8088477249457214,0.43296790157472703,0.29012259095017406
0.30476132263359584,0.4386204244387827,0.5769083207665154,0.6411376729181635,0.5905300305110929,0.44174682236995366,0.2568286272062564,0.047190014793747244,0.09522207419082647
0.30476132263359573,0.4386204244387824,0.5769083207665152,0.6411376729181633,0.5905300305110927,0.4417468223699536,0.2568286272062564,0.047190014793747195,0.09522207419082637
0.3426730152598094,0.5672704097664605,0.7940825944493671,0.890924585728135,0.797235543757994,0.5558094948010754,0.2848829187650857,0.07795223784657138,0.3341133667043496
0.3047613539282049,0.43862046947879835,0.576908380006711,0.6411377387537914,0.590530091150042,0.4417468677310056,0.25682865357886675,0.04719001963948355,0.09522208396876577
0.3426729800722176,0.5672703515159446,0.794082512908502,0.8909244942429895,0.7972354618933665,0.555809437727431,0.28488288951170576,0.07795222984199701,0.33411333239571084
0.31549911201164477,0.4891157918460831,0.7102007125824982,0.9015225507545537,0.9962470839249054,0.9612843074152171,0.8088477249457215,0.43296790157472703,0.29012259095017406
0.30476135392820497,0.4386204694787976,0.5769083800067113,0.641137738753791,0.5905300911500425,0.4417468677310059,0.2568286535788665,0.047190019639483514,0.09522208396876489
0.30476132263359573,0.4386204244387824,0.5769083207665155,0.6411376729181633,0.5905300305110924,0.441746822369954,0.2568286272062562,0.047190014793746904,0.09522207419082604
0.2865844440958794,0.38579385185434556,0.5191447269448864,0.6486507723547689,0.7378613476788757,0.7620326695462479,0.7143299735598123,0.5005419732550954,0.15902975109087542
0.304761353928205,0.4386204694787981,0.5769083800067106,0.6411377387537908,0.5905300911500416,0.441746867731006,0.2568286535788668,0.04719001963948359,0.09522208396876501
0.34267301525980925,0.5672704097664597,0.7940825944493668,0.890924585728136,0.7972355437579935,0.5558094948010757,0.2848829187650858,0.07795223784657081,0.33411336670434993
0.34267298007221747,0.5672703515159448,0.7940825129085016,0.8909244942429898,0.7972354618933661,0.5558094377274314,0.2848828895117058,0.07795222984199704,0.33411333239571095
0.3047613226335958,0.43862042443878246,0.5769083207665157,0.6411376729181636,0.5905300305110927,0.441746822369954,0.25682862720625615,0.04719001479374695,0.09522207419082598
0.3047613226335958,0.43862042443878285,0.5769083207665151,0.6411376729181636,0.5905300305110928,0.4417468223699539,0.2568286272062563,0.04719001479374717,0.09522207419082614
0.2846489041604731,0.35775669494412987,0.3993809533483297,0.3531369263949813,0.22337499283227422,0.08364093074701748,0.03729743217473258,0.33682656268082,0.9045558544837797
0.3426729800722175,0.5672703515159448,0.7940825129085016,0.8909244942429898,0.7972354618933661,0.5558094377274314,0.28488288951170576,0.077952229841997,0.33411333239571106
0.3047613226335957,0.43862042443878285,0.5769083207665151,0.6411376729181636,0.5905300305110928,0.4417468223699539,0.25682862720625627,0.04719001479374718,0.09522207419082616
0.2764230225431464,0.34345461446726233,0.4192230104287304,0.46496020964159324,0.45092362677980846,0.3695464558886412,0.24076372730548012,0.035145215823027876,0.17757116681037835
0.34267298007221747,0.5672703515159448,0.7940825129085016,0.8909244942429898,0.7972354618933661,0.5558094377274314,0.2848828895117058,0.077952229841997,0.33411333239571095
0.2764229941584766,0.34345457919941147,0.4192229673805547,0.4649601618968649,0.45092358047643516,0.3695464179415333,0.240763702582507,0.035145212214119,0.1775711485763722
0.3047613539282051,0.4386204694787981,0.5769083800067107,0.6411377387537908,0.5905300911500422,0.4417468677310058,0.2568286535788666,0.04719001963948375,0.0952220839687651
0.3426729800722176,0.5672703515159446,0.794082512908502,0.8909244942429896,0.7972354618933664,0.5558094377274312,0.28488288951170565,0.07795222984199701,0.33411333239571067
0.3047613226335958,0.43862042443878263,0.576908320766515,0.6411376729181636,0.5905300305110925,0.4417468223699539,0.25682862720625627,0.04719001479374716,0.09522207419082611
0.2865844146677774,0.38579381223886416,0.5191446736361877,0.6486507057476607,0.7378612719111245,0.7620325912964486,0.7143299002083938,0.5005419218566316,0.15902973476080645
0.34267298007221747,0.5672703515159447,0.7940825129085014,0.8909244942429895,0.7972354618933657,0.5558094377274314,0.2848828895117057,0.07795222984199704,0.33411333239571095
0.34267301525980925,0.5672704097664597,0.7940825944493668,0.890924585728136,0.7972355437579935,0.5558094948010757,0.2848829187650858,0.07795223784657081,0.33411336670434993
0.284648904160473,0.35775669494413,0.39938095334832946,0.35313692639498145,0.22337499283227455,0.08364093074701759,0.037297432174732595,0.33682656268082,0.90455585448378
0.28464887493112345,0.35775665820766167,0.3993809123376482,0.35313689013289623,0.22337496989487463,0.0836409221582965,0.03729742834482253,0.33682652809357494,0.9045557615988997
0.3426729800722175,0.567270351515945,0.7940825129085016,0.8909244942429898,0.7972354618933664,0.5558094377274315,0.28488288951170576,0.077952229841997,0.334113332395711
0.31549914440887056,0.4891158420712472,0.7102007855099075,0.9015226433279666,0.9962471862251674,0.9612844061253053,0.8088478080027613,0.4329679460343098,0.29012262074159617
0.3047613226335957,0.4386204244387826,0.5769083207665157,0.6411376729181634,0.5905300305110924,0.4417468223699537,0.2568286272062561,0.04719001479374684,0.09522207419082601
0.30476132263359557,0.43862042443878224,0.5769083207665152,0.6411376729181631,0.5905300305110928,0.4417468223699542,0.2568286272062567,0.047190014793747,0.09522207419082622
0.34267301525980925,0.5672704097664597,0.7940825944493668,0.890924585728136,0.7972355437579935,0.5558094948010757,0.2848829187650858,0.07795223784657081,0.33411336670434993
0.3047613539282051,0.4386204694787981,0.5769083800067106,0.6411377387537907,0.5905300911500416,0.441746867731006,0.25682865357886675,0.04719001963948359,0.09522208396876503
0.34267298007221736,0.5672703515159445,0.7940825129085013,0.8909244942429889,0.7972354618933657,0.5558094377274314,0.2848828895117054,0.07795222984199704,0.33411333239571095
0.3426729800722176,0.5672703515159447,0.7940825129085016,0.8909244942429898,0.7972354618933661,0.5558094377274314,0.2848828895117058,0.07795222984199696,0.33411333239571095
0.3047613539282051,0.4386204694787982,0.5769083800067106,0.6411377387537907,0.5905300911500416,0.441746867731006,0.25682865357886675,0.04719001963948359,0.09522208396876503
0.31549914440887056,0.4891158420712472,0.7102007855099075,0.9015226433279666,0.9962471862251676,0.9612844061253053,0.8088478080027623,0.4329679460343098,0.2901226207415962
0.2865844440958793,0.3857938518543459,0.5191447269448869,0.6486507723547688,0.7378613476788761,0.7620326695462473,0.7143299735598115,0.5005419732550954,0.15902975109087536
0.31549911201164477,0.489115791846083,0.7102007125824984,0.9015225507545536,0.9962470839249054,0.961284307415217,0.8088477249457215,0.43296790157472703,0.29012259095017406
0.3426729800722175,0.5672703515159448,0.7940825129085017,0.8909244942429895,0.7972354618933661,0.5558094377274314,0.28488288951170576,0.07795222984199704,0.33411333239571106
0.34267301525980925,0.5672704097664596,0.7940825944493668,0.8909245857281359,0.7972355437579935,0.5558094948010757,0.2848829187650858,0.07795223784657081,0.33411336670434993
0.3426730152598093,0.5672704097664591,0.7940825944493665,0.8909245857281349,0.7972355437579939,0.555809494801075,0.2848829187650856,0.07795223784657089,0.3341133667043495
0.304761353928205,0.4386204694787981,0.5769083800067106,0.6411377387537908,0.5905300911500416,0.44174686773100613,0.2568286535788671,0.04719001963948359,0.095222083968765
0.34267301525980925,0.5672704097664597,0.7940825944493668,0.8909245857281362,0.7972355437579935,0.5558094948010757,0.2848829187650858,0.07795223784657081,0.33411336670434993
0.28464890416047317,0.35775669494412987,0.3993809533483297,0.3531369263949811,0.22337499283227435,0.08364093074701727,0.03729743217473259,0.33682656268081984,0.9045558544837797
0.2764229941584766,0.3434545791994115,0.41922296738055453,0.4649601618968649,0.4509235804764351,0.3695464179415332,0.240763702582507,0.035145212214118975,0.1775711485763722
0.28464890416047295,0.35775669494412987,0.3993809533483296,0.3531369263949811,0.22337499283227463,0.0836409307470178,0.03729743217473275,0.3368265626808207,0.9045558544837812
0.2865844440958794,0.3857938518543455,0.5191447269448864,0.6486507723547686,0.7378613476788757,0.762032669546248,0.7143299735598123,0.5005419732550955,0.15902975109087544
0.3426730152598093,0.5672704097664591,0.7940825944493665,0.8909245857281349,0.7972355437579939,0.555809494801075,0.28488291876508554,0.07795223784657089,0.3341133667043495
0.30476135392820497,0.4386204694787976,0.5769083800067109,0.6411377387537908,0.5905300911500425,0.4417468677310059,0.2568286535788665,0.047190019639483514,0.09522208396876491
0.30476135392820497,0.43862046947879835,0.5769083800067113,0.641137738753791,0.5905300911500428,0.44174686773100613,0.2568286535788664,0.047190019639483535,0.09522208396876491
0.28464890416047306,0.35775669494413015,0.39938095334832985,0.3531369263949814,0.2233749928322747,0.08364093074701762,0.037297432174732616,0.3368265626808203,0.9045558544837798
0.34267301525980925,0.5672704097664596,0.7940825944493668,0.8909245857281359,0.7972355437579935,0.5558094948010757,0.2848829187650858,0.07795223784657081,0.33411336670434993
0.3047613539282051,0.4386204694787981,0.5769083800067106,0.6411377387537907,0.5905300911500416,0.441746867731006,0.25682865357886675,0.04719001963948359,0.09522208396876501
0.27642302254314655,0.3434546144672624,0.4192230104287302,0.46496020964159324,0.45092362677980813,0.36954645588864093,0.24076372730548026,0.03514521582302736,0.1775711668103779
0.2846488749311234,0.3577566582076613,0.39938091233764816,0.3531368901328961,0.22337496989487438,0.0836409221582964,0.03729742834482258,0.33682652809357494,0.9045557615988994
0.2865844440958794,0.3857938518543455,0.5191447269448864,0.6486507723547688,0.7378613476788757,0.762032669546248,0.7143299735598123,0.5005419732550955,0.15902975109087542
0.34267301525980937,0.5672704097664585,0.7940825944493671,0.890924585728135,0.7972355437579939,0.5558094948010754,0.2848829187650855,0.07795223784657142,0.33411336670434955
0.31549911201164477,0.4891157918460828,0.7102007125824981,0.9015225507545535,0.9962470839249049,0.9612843074152169,0.8088477249457213,0.432967901574727,0.29012259095017406
0.3154991120116448,0.4891157918460829,0.7102007125824985,0.9015225507545537,0.9962470839249054,0.9612843074152171,0.8088477249457214,0.43296790157472703,0.29012259095017423
0.28658441466777757,0.3857938122388643,0.519144673636188,0.6486507057476609,0.7378612719111247,0.7620325912964486,0.7143299002083943,0.5005419218566316,0.1590297347608064
0.31549914440887056,0.4891158420712472,0.7102007855099075,0.9015226433279666,0.9962471862251676,0.9612844061253053,0.8088478080027623,0.4329679460343098,0.2901226207415962
0.34267298007221747,0.5672703515159448,0.7940825129085017,0.8909244942429898,0.7972354618933661,0.5558094377274315,0.2848828895117058,0.07795222984199701,0.334113332395711
0.2865844440958794,0.3857938518543455,0.5191447269448864,0.6486507723547686,0.737861347678876,0.762032669546248,0.7143299735598123,0.5005419732550955,0.1590297510908755
0.3154991444088707,0.48911584207124753,0.7102007855099076,0.9015226433279668,0.9962471862251677,0.9612844061253052,0.8088478080027623,0.4329679460343099,0.2901226207415963
0.2764230225431464,0.3434546144672623,0.41922301042873034,0.46496020964159324,0.45092362677980835,0.3695464558886412,0.24076372730547974,0.035145215823027806,0.17757116681037838
0.34267301525980937,0.5672704097664591,0.7940825944493665,0.8909245857281349,0.7972355437579939,0.555809494801075,0.28488291876508554,0.07795223784657089,0.33411336670434966
0.284648904160473,0.35775669494413,0.3993809533483294,0.3531369263949815,0.22337499283227452,0.08364093074701759,0.037297432174732664,0.33682656268082,0.9045558544837801
0.3047613539282051,0.4386204694787981,0.5769083800067106,0.6411377387537908,0.5905300911500416,0.44174686773100613,0.2568286535788671,0.04719001963948359,0.09522208396876504
0.284648904160473,0.35775669494413,0.39938095334832946,0.35313692639498145,0.22337499283227458,0.08364093074701759,0.03729743217473271,0.33682656268081995,0.9045558544837801
0.3426729800722174,0.5672703515159445,0.7940825129085014,0.8909244942429897,0.7972354618933658,0.5558094377274313,0.2848828895117057,0.07795222984199701,0.33411333239571095
0.30476132263359573,0.43862042443878285,0.5769083207665151,0.6411376729181635,0.5905300305110928,0.4417468223699539,0.25682862720625627,0.04719001479374716,0.09522207419082626
0.30476132263359573,0.4386204244387828,0.5769083207665151,0.6411376729181637,0.5905300305110928,0.4417468223699539,0.2568286272062563,0.04719001479374717,0.09522207419082625
0.3047613539282049,0.4386204694787981,0.5769083800067109,0.6411377387537908,0.5905300911500421,0.44174686773100563,0.25682865357886653,0.04719001963948375,0.0952220839687651
0.30476132263359573,0.4386204244387826,0.5769083207665151,0.6411376729181636,0.5905300305110922,0.4417468223699539,0.25682862720625627,0.04719001479374715,0.09522207419082607
0.28658444409587935,0.3857938518543455,0.5191447269448864,0.6486507723547688,0.737861347678876,0.762032669546248,0.7143299735598123,0.5005419732550955,0.15902975109087544
0.34267301525980925,0.5672704097664596,0.7940825944493668,0.8909245857281359,0.7972355437579935,0.5558094948010757,0.2848829187650858,0.07795223784657085,0.33411336670434993
0.2865844440958794,0.3857938518543454,0.5191447269448869,0.6486507723547688,0.7378613476788761,0.7620326695462473,0.7143299735598112,0.5005419732550954,0.15902975109087536
0.30476132263359584,0.4386204244387828,0.5769083207665154,0.6411376729181635,0.5905300305110929,0.44174682236995366,0.2568286272062565,0.04719001479374722,0.0952220741908265
0.2865844146677774,0.3857938122388644,0.5191446736361877,0.6486507057476614,0.7378612719111247,0.7620325912964487,0.7143299002083944,0.5005419218566317,0.1590297347608064
0.31549914440887056,0.4891158420712472,0.7102007855099075,0.9015226433279666,0.9962471862251674,0.9612844061253053,0.8088478080027622,0.4329679460343098,0.2901226207415962
0.31549911201164477,0.4891157918460833,0.7102007125824982,0.9015225507545537,0.9962470839249055,0.961284307415217,0.8088477249457215,0.43296790157472703,0.29012259095017434
0.30476135392820514,0.43862046947879835,0.5769083800067114,0.6411377387537917,0.5905300911500428,0.4417468677310058,0.25682865357886636,0.04719001963948354,0.09522208396876489
0.3426729800722174,0.5672703515159446,0.7940825129085014,0.8909244942429894,0.7972354618933658,0.5558094377274313,0.2848828895117055,0.07795222984199698,0.33411333239571095
0.31549914440887067,0.48911584207124753,0.7102007855099077,0.9015226433279669,0.9962471862251677,0.9612844061253053,0.8088478080027623,0.4329679460343098,0.2901226207415963
0.3047613539282049,0.4386204694787983,0.576908380006711,0.6411377387537914,0.590530091150042,0.44174686773100547,0.25682865357886675,0.04719001963948357,0.09522208396876584
0.28658441466777757,0.38579381223886433,0.5191446736361881,0.6486507057476608,0.7378612719111247,0.7620325912964486,0.7143299002083943,0.5005419218566318,0.15902973476080642
0.3426729800722174,0.5672703515159446,0.7940825129085014,0.8909244942429896,0.797235461893366,0.5558094377274313,0.28488288951170565,0.07795222984199697,0.33411333239571106
0.2764229941584766,0.34345457919941164,0.4192229673805547,0.46496016189686495,0.4509235804764355,0.3695464179415333,0.24076370258250704,0.035145212214119,0.1775711485763722
0.30476132263359584,0.43862042443878285,0.5769083207665151,0.6411376729181636,0.5905300305110928,0.4417468223699539,0.2568286272062563,0.04719001479374716,0.09522207419082614
0.3047613539282051,0.4386204694787981,0.5769083800067106,0.6411377387537907,0.5905300911500416,0.441746867731006,0.25682865357886675,0.04719001963948359,0.09522208396876501
0.2865844440958794,0.3857938518543455,0.5191447269448864,0.6486507723547689,0.7378613476788757,0.762032669546248,0.7143299735598123,0.5005419732550955,0.15902975109087544
0.28658444409587935,0.38579385185434567,0.5191447269448869,0.6486507723547686,0.7378613476788761,0.7620326695462475,0.7143299735598114,0.5005419732550954,0.15902975109087536
0.2764230225431465,0.3434546144672623,0.41922301042873017,0.46496020964159324,0.45092362677980824,0.36954645588864105,0.24076372730548026,0.03514521582302739,0.1775711668103777
0.3047613539282051,0.438620469478798,0.5769083800067107,0.641137738753791,0.5905300911500423,0.44174686773100574,0.2568286535788663,0.047190019639483674,0.09522208396876511
0.2846488749311233,0.3577566582076613,0.3993809123376483,0.3531368901328962,0.2233749698948745,0.08364092215829623,0.037297428344822886,0.336826528093575,0.9045557615988997
0.34267301525980925,0.5672704097664596,0.7940825944493668,0.8909245857281359,0.7972355437579935,0.5558094948010757,0.2848829187650858,0.07795223784657081,0.33411336670434993
0.31549911201164466,0.489115791846083,0.7102007125824982,0.9015225507545539,0.9962470839249051,0.9612843074152171,0.8088477249457215,0.43296790157472703,0.29012259095017423
0.2865844146677777,0.3857938122388641,0.519144673636188,0.6486507057476606,0.7378612719111248,0.7620325912964486,0.7143299002083937,0.500541921856632,0.15902973476080656
0.30476132263359573,0.43862042443878263,0.5769083207665158,0.6411376729181635,0.5905300305110927,0.441746822369954,0.25682862720625615,0.047190014793746946,0.09522207419082603
0.3047613226335959,0.43862042443878263,0.5769083207665154,0.6411376729181635,0.590530030511093,0.4417468223699535,0.2568286272062565,0.047190014793747244,0.09522207419082639
0.3426729800722175,0.5672703515159448,0.7940825129085016,0.8909244942429898,0.7972354618933661,0.5558094377274314,0.2848828895117058,0.07795222984199703,0.33411333239571106
0.27642302254314655,0.34345461446726216,0.41922301042873,0.46496020964159385,0.45092362677980846,0.3695464558886413,0.24076372730548012,0.035145215823027307,0.1775711668103777
0.2764230225431465,0.34345461446726233,0.41922301042873017,0.4649602096415932,0.45092362677980824,0.36954645588864105,0.24076372730548012,0.03514521582302742,0.17757116681037777
0.30476135392820497,0.43862046947879774,0.5769083800067104,0.6411377387537908,0.5905300911500425,0.4417468677310056,0.2568286535788664,0.047190019639483514,0.09522208396876493
0.3047613539282049,0.43862046947879835,0.576908380006711,0.6411377387537914,0.590530091150042,0.4417468677310056,0.25682865357886675,0.04719001963948352,0.09522208396876577
0.3426730152598093,0.5672704097664585,0.7940825944493671,0.890924585728135,0.7972355437579939,0.5558094948010756,0.2848829187650855,0.07795223784657142,0.33411336670434955
0.3426730152598093,0.5672704097664597,0.794082594449367,0.8909245857281362,0.7972355437579939,0.5558094948010758,0.2848829187650858,0.07795223784657081,0.33411336670434966
0.3426729800722175,0.5672703515159448,0.7940825129085017,0.8909244942429898,0.7972354618933661,0.5558094377274314,0.28488288951170576,0.07795222984199701,0.3341133323957109
0.2865844440958794,0.3857938518543455,0.5191447269448864,0.6486507723547686,0.7378613476788758,0.7620326695462479,0.7143299735598123,0.5005419732550955,0.15902975109087542
0.30476135392820497,0.43862046947879774,0.5769083800067104,0.6411377387537908,0.5905300911500424,0.44174686773100563,0.2568286535788664,0.04719001963948352,0.09522208396876491
0.26724304628741263,0.3159559144694363,0.3875774734459031,0.46938817104429614,0.5465744412449605,0.6046430861067368,0.6318014131527663,0.5868333546071575,0.34917721116186906
0.30476132263359573,0.43862042443878246,0.5769083207665159,0.6411376729181636,0.5905300305110927,0.44174682236995394,0.25682862720625615,0.047190014793746946,0.095222074190826
0.2865844146677776,0.3857938122388641,0.519144673636188,0.6486507057476606,0.737861271911125,0.7620325912964486,0.7143299002083939,0.500541921856632,0.15902973476080656
0.284648904160473,0.35775669494413,0.39938095334832946,0.35313692639498145,0.22337499283227455,0.08364093074701758,0.037297432174732664,0.33682656268081995,0.9045558544837801
0.28658444409587935,0.38579385185434567,0.5191447269448868,0.6486507723547686,0.7378613476788758,0.7620326695462472,0.7143299735598115,0.5005419732550954,0.1590297510908753
0.3047613226335957,0.43862042443878246,0.5769083207665157,0.6411376729181635,0.5905300305110925,0.44174682236995366,0.2568286272062563,0.04719001479374684,0.09522207419082603
0.34267301525980937,0.5672704097664591,0.7940825944493665,0.890924585728135,0.7972355437579939,0.555809494801075,0.2848829187650856,0.07795223784657085,0.33411336670434966
0.2865844440958794,0.38579385185434556,0.5191447269448864,0.6486507723547689,0.7378613476788757,0.7620326695462477,0.7143299735598122,0.5005419732550955,0.15902975109087544
0.3047613226335957,0.4386204244387824,0.5769083207665152,0.6411376729181634,0.5905300305110925,0.44174682236995366,0.2568286272062564,0.047190014793747195,0.0952220741908265
0.3047613226335957,0.4386204244387824,0.5769083207665153,0.6411376729181631,0.5905300305110924,0.4417468223699536,0.2568286272062563,0.04719001479374723,0.09522207419082632
0.30476135392820497,0.4386204694787983,0.576908380006711,0.6411377387537915,0.590530091150042,0.4417468677310056,0.25682865357886653,0.04719001963948354,0.09522208396876582
0.2764229941584765,0.34345457919941186,0.41922296738055537,0.464960161896865,0.4509235804764353,0.36954641794153337,0.24076370258250737,0.03514521221411902,0.17757114857637202
0.26724307372943384,0.3159559469135693,0.3875775132445412,0.4693882192437173,0.5465744973703031,0.6046431481948945,0.6318014780296939,0.5868334148665115,0.34917724701735176
0.3154991120116448,0.48911579184608295,0.7102007125824986,0.9015225507545537,0.9962470839249052,0.9612843074152171,0.8088477249457215,0.43296790157472703,0.2901225909501741
0.2764230225431465,0.3434546144672624,0.4192230104287302,0.4649602096415932,0.45092362677980835,0.36954645588864093,0.24076372730548032,0.03514521582302738,0.177571166810378
0.34267301525980937,0.5672704097664591,0.7940825944493664,0.890924585728135,0.7972355437579937,0.5558094948010749,0.28488291876508554,0.07795223784657093,0.33411336670434955
0.3154991444088705,0.4891158420712475,0.7102007855099076,0.9015226433279666,0.9962471862251665,0.9612844061253042,0.8088478080027619,0.4329679460343098,0.2901226207415963
0.3154991120116448,0.48911579184608317,0.7102007125824985,0.9015225507545537,0.9962470839249054,0.9612843074152171,0.8088477249457217,0.43296790157472703,0.2901225909501742
0.28464887493112345,0.35775665820766156,0.3993809123376482,0.3531368901328962,0.22337496989487457,0.08364092215829645,0.03729742834482249,0.33682652809357494,0.9045557615988997
0.2764230225431464,0.3434546144672623,0.4192230104287304,0.4649602096415932,0.45092362677980835,0.3695464558886412,0.24076372730548012,0.035145215823027806,0.17757116681037835
0.28658444409587924,0.38579385185434567,0.519144726944887,0.6486507723547685,0.7378613476788765,0.762032669546248,0.7143299735598115,0.5005419732550951,0.15902975109087508
0.28658441466777757,0.3857938122388643,0.5191446736361879,0.6486507057476609,0.7378612719111247,0.7620325912964486,0.7143299002083943,0.5005419218566317,0.15902973476080645
0.30476132263359573,0.43862042443878263,0.5769083207665151,0.6411376729181635,0.5905300305110925,0.4417468223699539,0.25682862720625627,0.047190014793747175,0.09522207419082608
0.284648904160473,0.35775669494413,0.3993809533483297,0.35313692639498157,0.22337499283227458,0.08364093074701759,0.037297432174732574,0.33682656268081995,0.9045558544837801
0.30476135392820497,0.4386204694787976,0.5769083800067104,0.6411377387537908,0.5905300911500425,0.441746867731006,0.2568286535788665,0.047190019639483535,0.09522208396876493
0.34267301525980925,0.5672704097664596,0.7940825944493668,0.890924585728136,0.7972355437579935,0.5558094948010757,0.28488291876508576,0.07795223784657081,0.33411336670434993
0.2865844440958794,0.3857938518543455,0.5191447269448864,0.6486507723547688,0.7378613476788758,0.7620326695462479,0.714329973559812,0.5005419732550955,0.15902975109087544
0.3047613226335958,0.4386204244387827,0.5769083207665158,0.6411376729181636,0.5905300305110928,0.44174682236995394,0.25682862720625615,0.04719001479374695,0.09522207419082601
0.30476135392820475,0.43862046947879835,0.5769083800067111,0.6411377387537908,0.5905300911500424,0.4417468677310055,0.25682865357886664,0.04719001963948379,0.09522208396876496
0.3154991444088706,0.4891158420712472,0.7102007855099075,0.9015226433279666,0.9962471862251676,0.9612844061253053,0.8088478080027622,0.4329679460343098,0.29012262074159617
0.31549911201164477,0.4891157918460831,0.7102007125824982,0.9015225507545537,0.9962470839249054,0.961284307415217,0.8088477249457217,0.43296790157472703,0.29012259095017406
0.2764230225431465,0.34345461446726233,0.41922301042873,0.4649602096415937,0.4509236267798085,0.36954645588864143,0.24076372730548032,0.035145215823027244,0.17757116681037774
0.30476135392820497,0.43862046947879774,0.5769083800067104,0.6411377387537908,0.5905300911500424,0.4417468677310062,0.2568286535788665,0.04719001963948354,0.09522208396876493
0.34267301525980925,0.5672704097664597,0.7940825944493668,0.8909245857281359,0.7972355437579935,0.5558094948010757,0.2848829187650858,0.07795223784657081,0.33411336670434993
0.30476132263359584,0.43862042443878263,0.5769083207665154,0.6411376729181635,0.5905300305110931,0.4417468223699537,0.2568286272062565,0.04719001479374722,0.09522207419082648
0.3426729800722176,0.5672703515159447,0.794082512908502,0.8909244942429894,0.7972354618933665,0.555809437727431,0.28488288951170576,0.07795222984199701,0.3341133323957107
0.3047613226335957,0.4386204244387826,0.5769083207665157,0.6411376729181633,0.5905300305110924,0.44174682236995366,0.2568286272062561,0.04719001479374686,0.09522207419082604
0.2865844146677776,0.385793812238864,0.5191446736361879,0.6486507057476607,0.737861271911125,0.7620325912964486,0.7143299002083938,0.500541921856632,0.15902973476080656
0.34267301525980925,0.5672704097664596,0.7940825944493668,0.890924585728136,0.7972355437579935,0.5558094948010757,0.28488291876508576,0.07795223784657081,0.33411336670434993
0.28658441466777757,0.3857938122388643,0.5191446736361879,0.6486507057476609,0.7378612719111248,0.7620325912964486,0.714329900208394,0.5005419218566318,0.1590297347608064
0.30476135392820497,0.4386204694787983,0.5769083800067111,0.6411377387537915,0.590530091150042,0.44174686773100563,0.2568286535788666,0.04719001963948354,0.09522208396876577
0.34267301525980937,0.5672704097664591,0.7940825944493665,0.890924585728135,0.7972355437579937,0.555809494801075,0.2848829187650856,0.07795223784657093,0.33411336670434955
0.2846488749311235,0.35775665820766167,0.3993809123376481,0.3531368901328963,0.22337496989487457,0.0836409221582964,0.03729742834482257,0.33682652809357494,0.9045557615988997
0.30476132263359573,0.4386204244387827,0.5769083207665155,0.6411376729181635,0.5905300305110929,0.4417468223699539,0.25682862720625643,0.04719001479374722,0.09522207419082647
0.30476135392820497,0.4386204694787976,0.5769083800067104,0.6411377387537908,0.5905300911500424,0.4417468677310056,0.2568286535788664,0.04719001963948358,0.09522208396876491
0.27642302254314655,0.3434546144672622,0.41922301042873,0.4649602096415938,0.45092362677980846,0.3695464558886413,0.24076372730548015,0.03514521582302725,0.17757116681037774
0.2764229941584766,0.34345457919941175,0.4192229673805547,0.4649601618968651,0.4509235804764355,0.36954641794153326,0.240763702582507,0.03514521221411899,0.17757114857637224
0.30476132263359573,0.4386204244387826,0.5769083207665159,0.6411376729181636,0.5905300305110927,0.44174682236995394,0.25682862720625615,0.047190014793746946,0.09522207419082601
0.28658441466777757,0.3857938122388641,0.519144673636188,0.6486507057476606,0.737861271911125,0.7620325912964486,0.7143299002083939,0.500541921856632,0.15902973476080653
0.30476132263359573,0.4386204244387826,0.576908320766515,0.6411376729181635,0.5905300305110925,0.441746822369954,0.2568286272062563,0.04719001479374714,0.09522207419082612
0.30476135392820497,0.4386204694787976,0.5769083800067112,0.6411377387537909,0.5905300911500424,0.4417468677310062,0.2568286535788664,0.047190019639483514,0.0952220839687649
0.3047613539282049,0.43862046947879835,0.576908380006711,0.6411377387537914,0.590530091150042,0.44174686773100563,0.25682865357886675,0.04719001963948354,0.09522208396876582
0.2865844440958794,0.3857938518543455,0.5191447269448869,0.6486507723547689,0.7378613476788761,0.7620326695462476,0.7143299735598112,0.5005419732550954,0.15902975109087536
0.2764230225431465,0.3434546144672623,0.4192230104287304,0.46496020964159324,0.45092362677980846,0.3695464558886412,0.2407637273054797,0.035145215823027806,0.17757116681037838
0.304761353928205,0.43862046947879807,0.5769083800067114,0.641137738753791,0.5905300911500428,0.4417468677310054,0.2568286535788664,0.047190019639483535,0.09522208396876498
0.30476132263359573,0.43862042443878246,0.5769083207665159,0.6411376729181635,0.5905300305110927,0.441746822369954,0.25682862720625615,0.04719001479374695,0.09522207419082604
0.27642299415847665,0.3434545791994117,0.4192229673805547,0.4649601618968651,0.4509235804764355,0.36954641794153326,0.24076370258250704,0.035145212214118975,0.17757114857637224
0.3426729800722174,0.5672703515159448,0.7940825129085017,0.8909244942429898,0.7972354618933661,0.5558094377274315,0.2848828895117058,0.07795222984199698,0.334113332395711
0.30476132263359584,0.4386204244387828,0.5769083207665154,0.6411376729181633,0.5905300305110929,0.4417468223699537,0.25682862720625643,0.047190014793747244,0.09522207419082643
0.3426729800722176,0.5672703515159444,0.794082512908502,0.8909244942429894,0.7972354618933665,0.555809437727431,0.28488288951170576,0.07795222984199701,0.3341133323957108
0.28658444409587924,0.38579385185434567,0.5191447269448869,0.6486507723547685,0.7378613476788761,0.762032669546248,0.7143299735598115,0.5005419732550951,0.15902975109087508
0.284648904160473,0.3577566949441301,0.3993809533483296,0.35313692639498145,0.22337499283227458,0.08364093074701759,0.037297432174732525,0.33682656268082,0.9045558544837801
0.284648904160473,0.35775669494413,0.39938095334832985,0.3531369263949815,0.22337499283227463,0.08364093074701756,0.03729743217473261,0.33682656268081995,0.9045558544837801
0.27642299415847654,0.3434545791994114,0.4192229673805547,0.4649601618968649,0.45092358047643516,0.3695464179415332,0.24076370258250696,0.03514521221411899,0.1775711485763722
0.2865844440958794,0.3857938518543455,0.5191447269448864,0.6486507723547688,0.7378613476788757,0.7620326695462477,0.7143299735598123,0.5005419732550955,0.15902975109087544
0.3426729800722176,0.5672703515159445,0.7940825129085017,0.8909244942429895,0.7972354618933666,0.555809437727431,0.28488288951170565,0.07795222984199701,0.3341133323957108
0.30476132263359584,0.4386204244387827,0.5769083207665155,0.6411376729181635,0.590530030511093,0.44174682236995366,0.2568286272062565,0.04719001479374722,0.09522207419082643
0.2865844440958794,0.3857938518543455,0.5191447269448864,0.6486507723547686,0.7378613476788757,0.762032669546248,0.7143299735598123,0.5005419732550955,0.15902975109087544
0.30476135392820514,0.43862046947879835,0.5769083800067109,0.6411377387537909,0.5905300911500417,0.441746867731006,0.2568286535788668,0.0471900196394837,0.09522208396876503
0.3426729800722176,0.5672703515159445,0.7940825129085017,0.8909244942429894,0.7972354618933665,0.555809437727431,0.2848828895117058,0.07795222984199701,0.3341133323957108
0.3047613539282049,0.4386204694787983,0.576908380006711,0.6411377387537914,0.590530091150042,0.44174686773100547,0.25682865357886664,0.04719001963948354,0.09522208396876582
0.30476132263359584,0.4386204244387828,0.5769083207665154,0.6411376729181635,0.590530030511093,0.44174682236995366,0.25682862720625643,0.04719001479374723,0.09522207419082647
0.3047613226335958,0.43862042443878224,0.5769083207665157,0.6411376729181635,0.5905300305110925,0.44174682236995366,0.25682862720625643,0.047190014793746786,0.09522207419082597
0.3426729800722175,0.5672703515159448,0.7940825129085017,0.8909244942429895,0.7972354618933665,0.5558094377274312,0.2848828895117057,0.07795222984199701,0.3341133323957107
0.3154991444088705,0.4891158420712472,0.7102007855099075,0.9015226433279666,0.9962471862251676,0.9612844061253053,0.8088478080027616,0.4329679460343097,0.29012262074159617
0.3047613539282049,0.43862046947879835,0.576908380006711,0.6411377387537914,0.590530091150042,0.44174686773100563,0.25682865357886675,0.04719001963948354,0.09522208396876582
0.34267301525980925,0.5672704097664596,0.7940825944493668,0.890924585728136,0.7972355437579935,0.5558094948010757,0.2848829187650858,0.07795223784657081,0.33411336670434993
0.3154991444088705,0.4891158420712472,0.7102007855099075,0.9015226433279666,0.9962471862251676,0.9612844061253053,0.8088478080027623,0.4329679460343098,0.2901226207415962
0.3426729800722175,0.5672703515159441,0.7940825129085014,0.8909244942429896,0.797235461893366,0.555809437727431,0.2848828895117056,0.077952229841997,0.3341133323957107
0.31549914440887056,0.4891158420712472,0.7102007855099075,0.9015226433279666,0.9962471862251674,0.9612844061253053,0.8088478080027619,0.4329679460343098,0.2901226207415962
0.3426729800722177,0.5672703515159445,0.794082512908502,0.8909244942429899,0.7972354618933666,0.5558094377274314,0.2848828895117059,0.07795222984199687,0.3341133323957108
0.34267301525980937,0.5672704097664585,0.7940825944493671,0.890924585728135,0.7972355437579939,0.5558094948010756,0.28488291876508554,0.07795223784657145,0.33411336670434955
0.2865844440958794,0.38579385185434556,0.5191447269448864,0.6486507723547688,0.7378613476788757,0.762032669546248,0.7143299735598123,0.5005419732550955,0.15902975109087547
0.304761322633596,0.4386204244387826,0.5769083207665158,0.6411376729181635,0.5905300305110927,0.44174682236995394,0.25682862720625615,0.047190014793747015,0.09522207419082601
0.31549914440887067,0.4891158420712472,0.7102007855099073,0.9015226433279662,0.9962471862251671,0.9612844061253042,0.8088478080027619,0.4329679460343099,0.29012262074159606
0.3426730152598094,0.5672704097664591,0.7940825944493667,0.8909245857281349,0.7972355437579939,0.555809494801075,0.2848829187650856,0.07795223784657089,0.33411336670434955
0.3047613539282049,0.4386204694787976,0.5769083800067107,0.6411377387537909,0.5905300911500424,0.4417468677310062,0.2568286535788665,0.047190019639483514,0.09522208396876491
0.34267301525980925,0.5672704097664596,0.7940825944493668,0.890924585728136,0.7972355437579935,0.5558094948010757,0.2848829187650858,0.0779522378465708,0.33411336670434993
0.2846489041604731,0.35775669494412987,0.3993809533483297,0.3531369263949813,0.22337499283227427,0.08364093074701753,0.03729743217473254,0.33682656268082006,0.9045558544837797
0.28658444409587935,0.3857938518543454,0.5191447269448869,0.6486507723547686,0.7378613476788762,0.7620326695462475,0.7143299735598115,0.5005419732550954,0.15902975109087536
0.30476135392820486,0.4386204694787976,0.5769083800067111,0.641137738753791,0.5905300911500425,0.441746867731006,0.2568286535788665,0.047190019639483514,0.09522208396876489
0.3426730152598092,0.5672704097664585,0.7940825944493671,0.890924585728135,0.7972355437579942,0.5558094948010756,0.2848829187650855,0.07795223784657142,0.33411336670434955
0.3047613226335958,0.43862042443878246,0.5769083207665159,0.6411376729181635,0.5905300305110927,0.441746822369954,0.25682862720625615,0.04719001479374695,0.09522207419082607
0.27642302254314643,0.34345461446726244,0.4192230104287302,0.46496020964159324,0.4509236267798083,0.36954645588864093,0.24076372730548026,0.03514521582302737,0.17757116681037793
0.3047613226335958,0.4386204244387828,0.5769083207665155,0.6411376729181635,0.590530030511093,0.4417468223699539,0.25682862720625643,0.04719001479374722,0.09522207419082643
0.34267301525980925,0.5672704097664597,0.7940825944493668,0.8909245857281358,0.7972355437579935,0.5558094948010757,0.2848829187650858,0.07795223784657081,0.33411336670434993
0.31549914440887056,0.4891158420712472,0.7102007855099075,0.9015226433279666,0.9962471862251676,0.9612844061253053,0.8088478080027623,0.4329679460343097,0.2901226207415962
0.31549911201164477,0.4891157918460827,0.7102007125824981,0.9015225507545535,0.9962470839249049,0.9612843074152166,0.8088477249457213,0.4329679015747271,0.2901225909501741
0.28464890416047317,0.3577566949441299,0.3993809533483298,0.3531369263949813,0.2233749928322743,0.08364093074701749,0.037297432174732456,0.3368265626808196,0.9045558544837798
0.3426729800722175,0.5672703515159448,0.7940825129085016,0.8909244942429898,0.7972354618933661,0.5558094377274314,0.2848828895117058,0.07795222984199704,0.33411333239571095
0.30476132263359573,0.43862042443878285,0.5769083207665151,0.6411376729181635,0.5905300305110928,0.4417468223699539,0.25682862720625627,0.04719001479374718,0.09522207419082625
0.30476132263359573,0.43862042443878263,0.5769083207665155,0.6411376729181634,0.5905300305110929,0.44174682236995366,0.2568286272062565,0.047190014793747244,0.09522207419082643
0.30476135392820497,0.43862046947879807,0.5769083800067107,0.6411377387537908,0.5905300911500422,0.44174686773100585,0.2568286535788666,0.04719001963948375,0.09522208396876505
0.28658441466777757,0.38579381223886416,0.519144673636188,0.6486507057476609,0.7378612719111248,0.7620325912964486,0.7143299002083943,0.5005419218566317,0.1590297347608064
0.3426729800722174,0.5672703515159447,0.7940825129085016,0.8909244942429898,0.7972354618933661,0.5558094377274315,0.2848828895117058,0.07795222984199704,0.33411333239571106
0.27642302254314655,0.3434546144672624,0.41922301042873034,0.46496020964159324,0.4509236267798083,0.36954645588864093,0.24076372730548026,0.03514521582302736,0.17757116681037793
0.3426729800722175,0.5672703515159448,0.7940825129085017,0.8909244942429898,0.7972354618933661,0.5558094377274314,0.28488288951170576,0.07795222984199704,0.33411333239571095
0.30476135392820497,0.43862046947879835,0.5769083800067111,0.6411377387537915,0.5905300911500422,0.4417468677310058,0.25682865357886664,0.04719001963948354,0.09522208396876573
0.30476132263359573,0.43862042443878285,0.5769083207665151,0.6411376729181636,0.5905300305110927,0.4417468223699539,0.2568286272062563,0.04719001479374714,0.09522207419082625
0.3047613539282049,0.4386204694787983,0.576908380006711,0.6411377387537914,0.590530091150042,0.4417468677310056,0.25682865357886653,0.04719001963948357,0.09522208396876582
0.27642302254314655,0.3434546144672623,0.4192230104287301,0.4649602096415938,0.45092362677980846,0.3695464558886413,0.24076372730548012,0.03514521582302728,0.17757116681037774
0.304761353928205,0.4386204694787983,0.5769083800067109,0.641137738753791,0.5905300911500421,0.44174686773100574,0.2568286535788665,0.047190019639483695,0.09522208396876504
0.3426729800722175,0.5672703515159441,0.7940825129085016,0.8909244942429894,0.797235461893366,0.555809437727431,0.28488288951170554,0.077952229841997,0.33411333239571067
0.3047613226335957,0.4386204244387826,0.5769083207665157,0.6411376729181635,0.5905300305110927,0.44174682236995383,0.2568286272062563,0.04719001479374695,0.09522207419082601
0.3047613539282049,0.43862046947879835,0.576908380006711,0.6411377387537914,0.590530091150042,0.44174686773100547,0.25682865357886653,0.04719001963948357,0.09522208396876577
0.284648904160473,0.35775669494412987,0.3993809533483295,0.3531369263949811,0.22337499283227438,0.08364093074701782,0.03729743217473268,0.3368265626808207,0.9045558544837812
0.2764230225431465,0.34345461446726244,0.4192230104287305,0.4649602096415934,0.45092362677980846,0.3695464558886412,0.24076372730547996,0.035145215823027806,0.1775711668103784
0.34267301525980925,0.5672704097664597,0.7940825944493668,0.8909245857281359,0.7972355437579935,0.5558094948010757,0.2848829187650858,0.07795223784657081,0.33411336670434993
0.31549914440887056,0.4891158420712472,0.7102007855099075,0.9015226433279666,0.9962471862251674,0.9612844061253053,0.8088478080027619,0.4329679460343097,0.2901226207415962
0.2865844146677776,0.3857938122388641,0.519144673636188,0.6486507057476607,0.7378612719111252,0.7620325912964485,0.7143299002083939,0.500541921856632,0.15902973476080653
0.34267301525980925,0.5672704097664596,0.7940825944493668,0.890924585728136,0.7972355437579935,0.5558094948010757,0.2848829187650858,0.07795223784657081,0.33411336670434993
0.2865844146677776,0.3857938122388643,0.5191446736361879,0.6486507057476609,0.7378612719111247,0.7620325912964486,0.7143299002083943,0.5005419218566318,0.1590297347608064
0.2865844440958793,0.3857938518543456,0.519144726944887,0.6486507723547684,0.7378613476788768,0.7620326695462483,0.7143299735598115,0.5005419732550951,0.15902975109087508
0.2865844440958794,0.3857938518543455,0.5191447269448864,0.6486507723547688,0.7378613476788758,0.762032669546248,0.7143299735598123,0.5005419732550955,0.15902975109087544
0.31549911201164477,0.48911579184608317,0.7102007125824982,0.9015225507545537,0.9962470839249054,0.961284307415217,0.8088477249457217,0.4329679015747271,0.290122590950174
0.34267301525980925,0.5672704097664597,0.7940825944493668,0.8909245857281359,0.7972355437579935,0.5558094948010757,0.2848829187650858,0.07795223784657081,0.33411336670434993
0.3047613539282051,0.4386204694787981,0.5769083800067106,0.6411377387537907,0.5905300911500416,0.441746867731006,0.25682865357886725,0.04719001963948359,0.09522208396876501
0.3154991120116448,0.489115791846083,0.7102007125824984,0.9015225507545537,0.9962470839249054,0.961284307415217,0.8088477249457215,0.432967901574727,0.2901225909501741
0.30476135392820497,0.4386204694787982,0.576908380006711,0.6411377387537909,0.5905300911500421,0.44174686773100574,0.2568286535788665,0.04719001963948371,0.09522208396876504
0.30476132263359584,0.43862042443878224,0.5769083207665157,0.6411376729181634,0.5905300305110924,0.4417468223699536,0.2568286272062562,0.04719001479374684,0.095222074190826
0.34267301525980925,0.5672704097664596,0.7940825944493668,0.890924585728136,0.7972355437579935,0.5558094948010757,0.2848829187650858,0.07795223784657081,0.33411336670434993
0.3047613539282051,0.4386204694787981,0.5769083800067106,0.6411377387537905,0.5905300911500416,0.44174686773100613,0.2568286535788668,0.04719001963948359,0.09522208396876503
0.34267298007221747,0.567270351515945,0.7940825129085017,0.8909244942429898,0.7972354618933661,0.5558094377274314,0.28488288951170576,0.07795222984199698,0.33411333239571095
0.27642302254314655,0.3434546144672623,0.41922301042873,0.4649602096415937,0.45092362677980846,0.3695464558886413,0.24076372730548035,0.03514521582302725,0.1775711668103777
0.3426729800722175,0.5672703515159448,0.7940825129085016,0.8909244942429896,0.7972354618933661,0.5558094377274315,0.2848828895117058,0.07795222984199704,0.3341133323957111
0.2865844146677774,0.385793812238864,0.5191446736361877,0.6486507057476608,0.7378612719111244,0.7620325912964485,0.7143299002083937,0.5005419218566316,0.15902973476080634
0.2764229941584766,0.3434545791994115,0.4192229673805547,0.46496016189686495,0.45092358047643516,0.3695464179415333,0.24076370258250696,0.03514521221411898,0.1775711485763722
0.3154991120116448,0.489115791846083,0.7102007125824985,0.9015225507545535,0.9962470839249054,0.961284307415217,0.8088477249457217,0.43296790157472703,0.2901225909501741
0.3426729800722175,0.5672703515159442,0.7940825129085014,0.8909244942429894,0.797235461893366,0.555809437727431,0.28488288951170565,0.077952229841997,0.3341133323957107
0.30476135392820497,0.4386204694787976,0.5769083800067104,0.6411377387537909,0.5905300911500424,0.44174686773100613,0.2568286535788665,0.047190019639483514,0.09522208396876491
0.34267301525980925,0.5672704097664597,0.7940825944493668,0.8909245857281359,0.7972355437579935,0.5558094948010757,0.2848829187650858,0.07795223784657081,0.33411336670434993
0.2764230225431465,0.34345461446726216,0.4192230104287301,0.4649602096415937,0.45092362677980846,0.3695464558886413,0.24076372730548012,0.0351452158230273,0.1775711668103777
0.3154991444088705,0.4891158420712472,0.7102007855099075,0.9015226433279666,0.9962471862251674,0.9612844061253053,0.8088478080027615,0.4329679460343098,0.2901226207415962
0.3047613539282051,0.4386204694787981,0.5769083800067106,0.6411377387537908,0.5905300911500416,0.44174686773100613,0.25682865357886686,0.04719001963948359,0.09522208396876504
0.3426729800722174,0.5672703515159446,0.7940825129085014,0.8909244942429898,0.7972354618933657,0.5558094377274311,0.28488288951170576,0.07795222984199694,0.33411333239571095
0.3047613226335957,0.4386204244387824,0.5769083207665152,0.6411376729181634,0.5905300305110927,0.4417468223699536,0.25682862720625654,0.0471900147937472,0.09522207419082628
0.30476135392820497,0.4386204694787982,0.5769083800067106,0.6411377387537908,0.5905300911500416,0.441746867731006,0.256828653578867,0.04719001963948359,0.095222083968765
0.30476135392820497,0.43862046947879835,0.5769083800067111,0.6411377387537914,0.590530091150042,0.4417468677310056,0.25682865357886675,0.04719001963948354,0.09522208396876582
0.30476132263359584,0.4386204244387828,0.5769083207665154,0.6411376729181635,0.590530030511093,0.44174682236995366,0.25682862720625643,0.04719001479374722,0.09522207419082643
0.34267301525980925,0.5672704097664596,0.7940825944493668,0.890924585728136,0.7972355437579935,0.5558094948010757,0.2848829187650858,0.07795223784657081,0.33411336670434993
0.34267301525980937,0.5672704097664585,0.7940825944493671,0.890924585728135,0.7972355437579939,0.5558094948010754,0.2848829187650855,0.07795223784657145,0.33411336670434955
0.284648904160473,0.35775669494412987,0.3993809533483296,0.3531369263949811,0.22337499283227438,0.08364093074701782,0.03729743217473275,0.3368265626808207,0.9045558544837812
0.30476135392820497,0.4386204694787976,0.5769083800067104,0.6411377387537908,0.5905300911500424,0.44174686773100563,0.2568286535788665,0.047190019639483514,0.09522208396876491
0.26724307372943457,0.3159559469135701,0.38757751324454104,0.4693882192437185,0.5465744973703043,0.6046431481948947,0.6318014780296942,0.5868334148665124,0.3491772470173525
0.3426729800722176,0.5672703515159448,0.7940825129085016,0.8909244942429899,0.7972354618933661,0.5558094377274315,0.28488288951170576,0.07795222984199701,0.33411333239571106
0.27642299415847665,0.3434545791994116,0.4192229673805547,0.46496016189686495,0.4509235804764355,0.36954641794153326,0.24076370258250712,0.035145212214118954,0.1775711485763722
0.3047613539282051,0.43862046947879824,0.5769083800067106,0.6411377387537908,0.5905300911500416,0.44174686773100613,0.2568286535788671,0.04719001963948359,0.09522208396876503
0.27642302254314655,0.3434546144672623,0.4192230104287298,0.4649602096415937,0.4509236267798085,0.3695464558886413,0.24076372730548035,0.0351452158230272,0.1775711668103777
0.34267301525980937,0.5672704097664585,0.7940825944493671,0.890924585728135,0.7972355437579942,0.5558094948010756,0.28488291876508554,0.07795223784657142,0.33411336670434955
0.3154991120116448,0.48911579184608295,0.7102007125824982,0.9015225507545535,0.9962470839249054,0.9612843074152171,0.8088477249457217,0.43296790157472703,0.29012259095017406
0.3047613226335958,0.43862042443878285,0.5769083207665151,0.6411376729181637,0.5905300305110928,0.4417468223699539,0.2568286272062563,0.047190014793747175,0.0952220741908263
0.304761353928205,0.4386204694787982,0.5769083800067106,0.6411377387537908,0.5905300911500416,0.441746867731006,0.25682865357886675,0.04719001963948359,0.09522208396876501
0.30476135392820497,0.4386204694787982,0.5769083800067111,0.6411377387537914,0.590530091150042,0.44174686773100563,0.25682865357886675,0.04719001963948354,0.09522208396876577
0.2865844440958794,0.38579385185434556,0.5191447269448864,0.6486507723547688,0.7378613476788758,0.7620326695462479,0.714329973559812,0.5005419732550955,0.15902975109087544
0.284648904160473,0.3577566949441299,0.3993809533483295,0.3531369263949815,0.22337499283227455,0.08364093074701759,0.03729743217473254,0.33682656268082,0.9045558544837801
0.27642299415847654,0.34345457919941186,0.41922296738055537,0.46496016189686495,0.4509235804764353,0.36954641794153337,0.24076370258250737,0.03514521221411902,0.17757114857637205
0.34267301525980937,0.5672704097664585,0.7940825944493671,0.890924585728135,0.7972355437579939,0.5558094948010754,0.2848829187650855,0.07795223784657142,0.33411336670434955
0.2846488749311233,0.3577566582076612,0.3993809123376484,0.3531368901328963,0.22337496989487446,0.08364092215829615,0.037297428344822886,0.33682652809357494,0.9045557615988997
0.30476132263359573,0.43862042443878263,0.576908320766515,0.6411376729181635,0.5905300305110925,0.4417468223699539,0.25682862720625627,0.047190014793747154,0.09522207419082612
0.3047613539282051,0.4386204694787981,0.5769083800067106,0.6411377387537905,0.5905300911500416,0.44174686773100613,0.25682865357886675,0.04719001963948359,0.09522208396876501
0.31549911201164477,0.4891157918460831,0.7102007125824984,0.9015225507545537,0.9962470839249055,0.9612843074152171,0.8088477249457215,0.43296790157472703,0.2901225909501741
0.3047613539282049,0.43862046947879774,0.5769083800067109,0.6411377387537908,0.5905300911500425,0.44174686773100597,0.2568286535788665,0.047190019639483514,0.09522208396876491
0.3426730152598093,0.5672704097664596,0.7940825944493668,0.8909245857281359,0.7972355437579935,0.5558094948010757,0.2848829187650858,0.07795223784657081,0.33411336670434993
0.34267301525980937,0.5672704097664591,0.7940825944493664,0.8909245857281349,0.7972355437579937,0.555809494801075,0.2848829187650856,0.07795223784657093,0.33411336670434955
0.3047613539282049,0.4386204694787983,0.576908380006711,0.6411377387537915,0.590530091150042,0.44174686773100563,0.2568286535788666,0.04719001963948354,0.09522208396876582
0.30476132263359573,0.4386204244387826,0.5769083207665158,0.6411376729181635,0.5905300305110927,0.44174682236995394,0.25682862720625615,0.04719001479374695,0.09522207419082598
0.304761353928205,0.4386204694787982,0.5769083800067106,0.6411377387537907,0.5905300911500416,0.44174686773100613,0.25682865357886675,0.04719001963948354,0.09522208396876501
0.3047613539282049,0.4386204694787984,0.576908380006711,0.6411377387537914,0.590530091150042,0.44174686773100563,0.2568286535788667,0.04719001963948355,0.09522208396876577
0.2764229941584766,0.3434545791994117,0.4192229673805547,0.46496016189686495,0.4509235804764355,0.3695464179415333,0.240763702582507,0.03514521221411898,0.1775711485763722
0.26724307372943373,0.3159559469135692,0.38757751324454104,0.46938821924371776,0.5465744973703032,0.6046431481948954,0.6318014780296943,0.5868334148665115,0.3491772470173525
0.31549911201164477,0.4891157918460827,0.710200712582498,0.9015225507545535,0.9962470839249049,0.9612843074152168,0.8088477249457213,0.43296790157472703,0.29012259095017406
0.30476135392820497,0.4386204694787976,0.5769083800067104,0.6411377387537909,0.5905300911500424,0.4417468677310059,0.25682865357886653,0.04719001963948354,0.09522208396876491
0.34267301525980925,0.5672704097664596,0.7940825944493668,0.8909245857281359,0.7972355437579935,0.5558094948010757,0.2848829187650858,0.07795223784657081,0.33411336670434993
0.3426729800722175,0.5672703515159445,0.794082512908502,0.8909244942429894,0.7972354618933665,0.5558094377274311,0.2848828895117057,0.07795222984199701,0.3341133323957108
0.3047613539282051,0.4386204694787981,0.5769083800067106,0.6411377387537905,0.5905300911500416,0.44174686773100613,0.2568286535788668,0.04719001963948359,0.095222083968765
0.304761353928205,0.43862046947879824,0.5769083800067106,0.6411377387537907,0.5905300911500416,0.44174686773100613,0.2568286535788671,0.04719001963948359,0.09522208396876501
0.3047613539282049,0.43862046947879835,0.5769083800067111,0.6411377387537915,0.590530091150042,0.4417468677310056,0.25682865357886675,0.04719001963948354,0.09522208396876577
0.30476132263359573,0.4386204244387824,0.5769083207665157,0.6411376729181633,0.5905300305110925,0.44174682236995394,0.25682862720625604,0.04719001479374684,0.09522207419082604
0.3426729800722175,0.5672703515159448,0.7940825129085016,0.8909244942429898,0.7972354618933661,0.5558094377274315,0.2848828895117058,0.077952229841997,0.33411333239571095
0.2846488749311234,0.35775665820766167,0.39938091233764816,0.3531368901328962,0.22337496989487457,0.08364092215829645,0.03729742834482259,0.33682652809357494,0.9045557615988994
0.3047613226335958,0.4386204244387828,0.5769083207665155,0.6411376729181635,0.5905300305110929,0.4417468223699537,0.25682862720625643,0.04719001479374722,0.09522207419082641
0.2846488749311235,0.35775665820766145,0.3993809123376483,0.35313689013289623,0.2233749698948746,0.08364092215829641,0.03729742834482259,0.33682652809357494,0.9045557615988996
0.3047613226335958,0.4386204244387826,0.5769083207665158,0.6411376729181635,0.5905300305110927,0.441746822369954,0.25682862720625615,0.047190014793746904,0.09522207419082601
0.34267301525980937,0.5672704097664585,0.7940825944493671,0.890924585728135,0.7972355437579942,0.5558094948010754,0.28488291876508554,0.07795223784657142,0.33411336670434955
0.3154991444088705,0.4891158420712472,0.7102007855099075,0.9015226433279666,0.9962471862251674,0.9612844061253053,0.8088478080027623,0.4329679460343097,0.29012262074159617
0.34267301525980925,0.5672704097664596,0.7940825944493668,0.8909245857281359,0.7972355437579935,0.5558094948010757,0.2848829187650858,0.0779522378465708,0.33411336670434993
0.304761353928205,0.43862046947879824,0.5769083800067106,0.6411377387537907,0.5905300911500416,0.44174686773100613,0.2568286535788671,0.04719001963948359,0.09522208396876501
0.3426729800722176,0.5672703515159447,0.794082512908502,0.8909244942429894,0.7972354618933666,0.555809437727431,0.28488288951170565,0.07795222984199704,0.3341133323957108
0.3047613539282051,0.4386204694787981,0.576908380006711,0.6411377387537909,0.590530091150042,0.4417468677310058,0.2568286535788664,0.04719001963948369,0.09522208396876508
0.30476135392820497,0.43862046947879774,0.5769083800067104,0.6411377387537908,0.5905300911500424,0.44174686773100574,0.25682865357886636,0.04719001963948352,0.09522208396876491
0.2865844440958794,0.3857938518543455,0.5191447269448869,0.6486507723547689,0.7378613476788761,0.7620326695462475,0.7143299735598115,0.5005419732550953,0.1590297510908754
0.3154991120116447,0.48911579184608317,0.7102007125824982,0.9015225507545537,0.9962470839249055,0.9612843074152171,0.8088477249457215,0.43296790157472703,0.29012259095017406
0.2865844440958794,0.38579385185434556,0.5191447269448864,0.6486507723547686,0.7378613476788758,0.7620326695462479,0.7143299735598122,0.5005419732550955,0.15902975109087547
0.3047613539282051,0.4386204694787981,0.5769083800067106,0.6411377387537908,0.5905300911500416,0.4417468677310061,0.25682865357886697,0.04719001963948359,0.095222083968765
0.31549914440887056,0.4891158420712472,0.7102007855099075,0.9015226433279666,0.9962471862251674,0.9612844061253053,0.8088478080027623,0.4329679460343098,0.2901226207415962
0.3426729800722176,0.5672703515159446,0.7940825129085017,0.8909244942429894,0.7972354618933665,0.555809437727431,0.28488288951170576,0.07795222984199701,0.33411333239571084
0.34267301525980937,0.5672704097664585,0.794082594449367,0.890924585728135,0.7972355437579939,0.5558094948010754,0.2848829187650855,0.07795223784657145,0.33411336670434955
0.30476132263359573,0.43862042443878246,0.5769083207665158,0.6411376729181635,0.5905300305110927,0.441746822369954,0.25682862720625615,0.04719001479374688,0.09522207419082601
0.3426730152598094,0.5672704097664591,0.7940825944493666,0.890924585728135,0.7972355437579937,0.5558094948010749,0.28488291876508565,0.07795223784657089,0.3341133667043495
0.30476135392820497,0.43862046947879774,0.5769083800067114,0.6411377387537909,0.5905300911500425,0.4417468677310059,0.25682865357886636,0.04719001963948352,0.09522208396876489
0.34267298007221747,0.5672703515159448,0.7940825129085017,0.8909244942429897,0.7972354618933661,0.5558094377274314,0.2848828895117058,0.077952229841997,0.33411333239571106
0.30476132263359573,0.4386204244387828,0.5769083207665151,0.6411376729181635,0.5905300305110927,0.441746822369954,0.2568286272062563,0.04719001479374715,0.09522207419082626
0.3426729800722175,0.5672703515159441,0.7940825129085016,0.8909244942429894,0.797235461893366,0.555809437727431,0.2848828895117056,0.077952229841997,0.3341133323957107
0.3047613539282048,0.4386204694787982,0.576908380006711,0.6411377387537908,0.5905300911500422,0.4417468677310058,0.25682865357886653,0.04719001963948375,0.0952220839687651
0.34267301525980925,0.5672704097664597,0.7940825944493668,0.8909245857281359,0.7972355437579935,0.5558094948010757,0.2848829187650858,0.07795223784657081,0.33411336670434993
0.3047613539282049,0.43862046947879835,0.576908380006711,0.6411377387537914,0.590530091150042,0.44174686773100547,0.25682865357886675,0.04719001963948352,0.09522208396876582
0.31549914440887056,0.4891158420712472,0.7102007855099073,0.9015226433279666,0.9962471862251676,0.9612844061253053,0.8088478080027623,0.4329679460343098,0.2901226207415962
0.3047613539282051,0.43862046947879835,0.576908380006711,0.6411377387537909,0.5905300911500417,0.441746867731006,0.25682865357886664,0.0471900196394837,0.09522208396876501
0.2764229941584766,0.3434545791994117,0.4192229673805549,0.464960161896865,0.45092358047643555,0.36954641794153337,0.24076370258250726,0.03514521221411909,0.17757114857637213
0.3426729800722176,0.5672703515159445,0.7940825129085017,0.8909244942429894,0.7972354618933665,0.555809437727431,0.28488288951170576,0.07795222984199701,0.3341133323957107
0.3047613539282049,0.43862046947879835,0.5769083800067111,0.6411377387537915,0.5905300911500422,0.4417468677310058,0.2568286535788666,0.047190019639483514,0.09522208396876577
0.2865844146677775,0.38579381223886433,0.519144673636188,0.6486507057476608,0.7378612719111248,0.7620325912964486,0.7143299002083943,0.5005419218566316,0.15902973476080642
0.3426730152598093,0.5672704097664597,0.794082594449367,0.8909245857281362,0.7972355437579939,0.5558094948010758,0.2848829187650858,0.07795223784657083,0.33411336670434966
0.2846488749311233,0.3577566582076613,0.3993809123376483,0.3531368901328961,0.2233749698948744,0.08364092215829619,0.037297428344822886,0.336826528093575,0.9045557615988997
0.3154991120116449,0.489115791846083,0.7102007125824982,0.9015225507545537,0.9962470839249054,0.961284307415217,0.8088477249457215,0.43296790157472703,0.29012259095017406
0.31549914440887067,0.4891158420712472,0.7102007855099075,0.9015226433279666,0.9962471862251674,0.9612844061253053,0.8088478080027622,0.4329679460343097,0.2901226207415962
0.27642299415847654,0.34345457919941175,0.4192229673805553,0.464960161896865,0.4509235804764353,0.3695464179415334,0.2407637025825074,0.03514521221411902,0.17757114857637202
0.31549911201164477,0.4891157918460824,0.7102007125824976,0.9015225507545538,0.9962470839249049,0.961284307415217,0.8088477249457215,0.432967901574727,0.29012259095017423
0.2865844440958794,0.38579385185434545,0.5191447269448869,0.6486507723547685,0.7378613476788762,0.7620326695462475,0.7143299735598116,0.5005419732550954,0.15902975109087533
0.31549914440887056,0.4891158420712472,0.7102007855099075,0.9015226433279666,0.9962471862251676,0.9612844061253053,0.8088478080027623,0.4329679460343097,0.29012262074159617
0.3154991120116447,0.4891157918460827,0.7102007125824984,0.9015225507545531,0.996247083924905,0.961284307415217,0.8088477249457213,0.43296790157472703,0.2901225909501741
0.28464890416047295,0.35775669494412987,0.3993809533483296,0.3531369263949811,0.2233749928322746,0.0836409307470178,0.03729743217473275,0.3368265626808207,0.9045558544837812
0.304761353928205,0.4386204694787982,0.5769083800067109,0.6411377387537909,0.5905300911500421,0.44174686773100574,0.25682865357886653,0.04719001963948371,0.09522208396876507
0.3047613226335957,0.4386204244387828,0.5769083207665151,0.6411376729181637,0.5905300305110928,0.4417468223699539,0.25682862720625627,0.04719001479374716,0.09522207419082618
0.34267301525980925,0.5672704097664597,0.7940825944493668,0.8909245857281359,0.7972355437579935,0.5558094948010757,0.2848829187650858,0.07795223784657081,0.33411336670434993
0.31549911201164477,0.489115791846083,0.7102007125824982,0.9015225507545537,0.9962470839249054,0.961284307415217,0.8088477249457217,0.43296790157472703,0.2901225909501741
0.28658444409587924,0.38579385185434567,0.519144726944887,0.6486507723547685,0.7378613476788765,0.762032669546248,0.7143299735598115,0.5005419732550951,0.15902975109087508
0.3426730152598093,0.5672704097664585,0.7940825944493671,0.890924585728135,0.7972355437579939,0.5558094948010756,0.2848829187650855,0.07795223784657142,0.33411336670434955
0.2764230225431465,0.3434546144672623,0.41922301042873,0.4649602096415937,0.45092362677980846,0.3695464558886413,0.24076372730548032,0.03514521582302725,0.17757116681037774
0.28658444409587935,0.3857938518543455,0.5191447269448864,0.6486507723547688,0.7378613476788763,0.7620326695462479,0.7143299735598123,0.5005419732550954,0.15902975109087547
0.30476135392820514,0.43862046947879835,0.5769083800067107,0.6411377387537909,0.5905300911500423,0.441746867731006,0.256828653578867,0.04719001963948364,0.09522208396876497
0.2865844440958795,0.38579385185434556,0.5191447269448867,0.648650772354769,0.7378613476788762,0.762032669546248,0.7143299735598122,0.5005419732550955,0.15902975109087555
0.30476132263359573,0.43862042443878285,0.5769083207665151,0.6411376729181636,0.5905300305110928,0.4417468223699539,0.2568286272062563,0.047190014793747195,0.0952220741908262
0.27642302254314655,0.34345461446726233,0.4192230104287301,0.4649602096415938,0.45092362677980846,0.3695464558886413,0.24076372730548015,0.035145215823027307,0.17757116681037774
0.3047613226335957,0.43862042443878246,0.5769083207665157,0.6411376729181633,0.5905300305110925,0.44174682236995383,0.25682862720625627,0.047190014793746904,0.09522207419082603
0.34267301525980925,0.5672704097664596,0.7940825944493668,0.890924585728136,0.7972355437579935,0.5558094948010757,0.2848829187650858,0.07795223784657081,0.33411336670434993
0.34267301525980937,0.5672704097664591,0.7940825944493664,0.8909245857281349,0.7972355437579937,0.555809494801075,0.2848829187650856,0.07795223784657093,0.3341133667043495
0.3426729800722175,0.5672703515159441,0.7940825129085016,0.8909244942429895,0.797235461893366,0.555809437727431,0.2848828895117059,0.077952229841997,0.3341133323957107
0.3426730152598093,0.5672704097664597,0.7940825944493668,0.8909245857281359,0.7972355437579935,0.5558094948010757,0.2848829187650858,0.07795223784657081,0.33411336670434993
0.3154991120116449,0.489115791846083,0.7102007125824982,0.9015225507545537,0.9962470839249054,0.9612843074152165,0.8088477249457217,0.43296790157472703,0.29012259095017406
0.31549914440887056,0.4891158420712472,0.7102007855099075,0.9015226433279666,0.9962471862251674,0.9612844061253053,0.8088478080027623,0.4329679460343097,0.29012262074159617
0.28658444409587935,0.3857938518543455,0.5191447269448864,0.6486507723547688,0.7378613476788763,0.762032669546248,0.7143299735598122,0.5005419732550954,0.15902975109087542
0.3154991444088706,0.4891158420712472,0.7102007855099075,0.9015226433279666,0.9962471862251676,0.9612844061253053,0.8088478080027613,0.43296794603430977,0.29012262074159617
0.30476132263359584,0.4386204244387826,0.5769083207665157,0.6411376729181636,0.5905300305110927,0.441746822369954,0.25682862720625615,0.04719001479374695,0.09522207419082611
0.34267301525980937,0.567270409766459,0.7940825944493664,0.8909245857281349,0.7972355437579937,0.555809494801075,0.2848829187650856,0.07795223784657093,0.3341133667043495
0.2764230225431467,0.3434546144672623,0.4192230104287303,0.4649602096415933,0.45092362677980835,0.36954645588864105,0.24076372730548024,0.03514521582302742,0.1775711668103777
0.2672430462874127,0.3159559144694363,0.3875774734459031,0.46938817104429614,0.5465744412449605,0.6046430861067368,0.6318014131527663,0.5868333546071575,0.3491772111618691
0.3047613539282051,0.4386204694787981,0.5769083800067109,0.6411377387537908,0.5905300911500423,0.4417468677310058,0.2568286535788666,0.04719001963948375,0.09522208396876504
0.2865844440958794,0.3857938518543455,0.5191447269448864,0.6486507723547686,0.7378613476788757,0.7620326695462477,0.7143299735598122,0.5005419732550955,0.15902975109087544
0.28658444409587935,0.38579385185434567,0.5191447269448869,0.6486507723547685,0.737861347678876,0.7620326695462472,0.7143299735598116,0.5005419732550954,0.15902975109087544
0.3047613539282049,0.43862046947879824,0.576908380006711,0.6411377387537914,0.590530091150042,0.44174686773100563,0.2568286535788667,0.04719001963948354,0.09522208396876577
0.34267301525980925,0.5672704097664596,0.7940825944493668,0.8909245857281358,0.7972355437579935,0.5558094948010757,0.2848829187650858,0.07795223784657081,0.33411336670434993
0.34267301525980925,0.5672704097664596,0.7940825944493668,0.8909245857281362,0.7972355437579935,0.5558094948010757,0.2848829187650856,0.07795223784657081,0.33411336670434993
0.28464887493112345,0.3577566582076616,0.3993809123376482,0.3531368901328962,0.22337496989487457,0.08364092215829645,0.03729742834482251,0.33682652809357494,0.9045557615988997
0.2846488749311235,0.3577566582076616,0.3993809123376482,0.3531368901328963,0.2233749698948746,0.08364092215829647,0.037297428344822525,0.33682652809357494,0.9045557615988994
0.3047613539282051,0.4386204694787981,0.5769083800067106,0.6411377387537905,0.5905300911500416,0.4417468677310061,0.25682865357886725,0.04719001963948359,0.09522208396876501
0.3047613539282049,0.43862046947879824,0.576908380006711,0.6411377387537914,0.590530091150042,0.4417468677310056,0.25682865357886675,0.04719001963948355,0.09522208396876577
0.34267301525980925,0.5672704097664597,0.7940825944493668,0.890924585728136,0.7972355437579935,0.5558094948010757,0.2848829187650858,0.07795223784657081,0.33411336670434993
0.3426729800722174,0.5672703515159444,0.7940825129085014,0.8909244942429898,0.7972354618933661,0.5558094377274314,0.2848828895117055,0.07795222984199696,0.33411333239571095
0.34267301525980925,0.5672704097664596,0.7940825944493668,0.8909245857281358,0.7972355437579935,0.5558094948010757,0.2848829187650858,0.07795223784657081,0.33411336670434993
0.30476135392820497,0.43862046947879835,0.576908380006711,0.6411377387537915,0.590530091150042,0.44174686773100563,0.25682865357886675,0.04719001963948352,0.09522208396876582
0.3426730152598093,0.5672704097664596,0.7940825944493668,0.8909245857281359,0.7972355437579935,0.5558094948010757,0.2848829187650858,0.07795223784657081,0.33411336670434993
0.28658441466777757,0.385793812238864,0.5191446736361877,0.6486507057476609,0.7378612719111244,0.7620325912964486,0.7143299002083939,0.5005419218566316,0.15902973476080645
0.3047613226335958,0.43862042443878285,0.5769083207665151,0.6411376729181636,0.5905300305110928,0.4417468223699539,0.2568286272062563,0.04719001479374715,0.09522207419082618
0.3426729800722175,0.5672703515159448,0.7940825129085017,0.8909244942429897,0.7972354618933661,0.5558094377274314,0.28488288951170576,0.07795222984199703,0.334113332395711
0.2764230225431465,0.34345461446726233,0.41922301042873,0.4649602096415937,0.4509236267798085,0.36954645588864143,0.24076372730548015,0.035145215823027307,0.17757116681037777
0.304761353928205,0.4386204694787982,0.5769083800067106,0.6411377387537905,0.5905300911500416,0.44174686773100613,0.25682865357886686,0.04719001963948354,0.095222083968765
0.3426729800722174,0.567270351515945,0.7940825129085016,0.8909244942429898,0.7972354618933665,0.5558094377274315,0.28488288951170576,0.07795222984199703,0.334113332395711
0.30476135392820497,0.4386204694787983,0.576908380006711,0.6411377387537914,0.590530091150042,0.44174686773100563,0.2568286535788666,0.04719001963948352,0.09522208396876577
0.28464890416047295,0.35775669494412987,0.3993809533483296,0.35313692639498107,0.22337499283227463,0.0836409307470178,0.03729743217473275,0.3368265626808207,0.9045558544837811
0.30476135392820497,0.43862046947879774,0.5769083800067113,0.641137738753791,0.5905300911500425,0.44174686773100597,0.2568286535788665,0.04719001963948352,0.09522208396876489
0.3426729800722175,0.5672703515159448,0.7940825129085017,0.8909244942429898,0.7972354618933661,0.5558094377274314,0.2848828895117057,0.07795222984199704,0.3341133323957109
0.28658444409587935,0.3857938518543455,0.5191447269448869,0.6486507723547688,0.737861347678876,0.7620326695462474,0.7143299735598115,0.5005419732550953,0.15902975109087536
0.3426729800722175,0.5672703515159445,0.7940825129085017,0.8909244942429894,0.7972354618933665,0.555809437727431,0.28488288951170565,0.07795222984199701,0.3341133323957107
0.28464887493112334,0.3577566582076613,0.3993809123376484,0.3531368901328963,0.22337496989487432,0.08364092215829655,0.037297428344822546,0.3368265280935751,0.9045557615988994
0.34267301525980937,0.5672704097664585,0.794082594449367,0.890924585728135,0.7972355437579939,0.5558094948010754,0.28488291876508554,0.07795223784657142,0.33411336670434955
0.34267301525980925,0.5672704097664597,0.7940825944493668,0.890924585728136,0.7972355437579935,0.5558094948010757,0.2848829187650858,0.07795223784657081,0.33411336670434993
0.3047613539282049,0.4386204694787983,0.576908380006711,0.6411377387537914,0.590530091150042,0.4417468677310056,0.2568286535788664,0.04719001963948354,0.09522208396876582
0.2764229941584766,0.34345457919941164,0.4192229673805547,0.464960161896865,0.4509235804764355,0.36954641794153326,0.240763702582507,0.035145212214118954,0.1775711485763722
0.28658441466777757,0.38579381223886416,0.5191446736361879,0.6486507057476609,0.7378612719111245,0.7620325912964486,0.7143299002083943,0.5005419218566318,0.15902973476080642
0.30476135392820497,0.43862046947879774,0.5769083800067104,0.6411377387537908,0.5905300911500424,0.44174686773100574,0.2568286535788665,0.047190019639483514,0.09522208396876491
0.2846489041604731,0.35775669494413076,0.3993809533483297,0.3531369263949811,0.2233749928322746,0.08364093074701763,0.03729743217473268,0.33682656268082073,0.9045558544837812
0.34267301525980925,0.5672704097664597,0.7940825944493668,0.890924585728136,0.7972355437579935,0.5558094948010757,0.2848829187650858,0.07795223784657081,0.33411336670434993
0.3047613539282049,0.4386204694787984,0.576908380006711,0.6411377387537914,0.590530091150042,0.44174686773100547,0.2568286535788664,0.04719001963948354,0.09522208396876582
0.28658441466777757,0.3857938122388641,0.5191446736361877,0.6486507057476609,0.7378612719111243,0.7620325912964485,0.7143299002083939,0.5005419218566316,0.15902973476080645
0.30476135392820497,0.43862046947879774,0.5769083800067114,0.6411377387537909,0.5905300911500424,0.4417468677310059,0.2568286535788665,0.047190019639483514,0.09522208396876489
0.304761353928205,0.4386204694787981,0.5769083800067106,0.6411377387537907,0.5905300911500416,0.4417468677310061,0.2568286535788668,0.04719001963948359,0.09522208396876503
0.2672430737294339,0.31595594691356915,0.3875775132445415,0.4693882192437177,0.5465744973703036,0.6046431481948945,0.6318014780296936,0.5868334148665119,0.3491772470173522
0.3426729800722175,0.5672703515159441,0.7940825129085017,0.8909244942429894,0.797235461893366,0.555809437727431,0.28488288951170554,0.077952229841997,0.3341133323957108
0.30476132263359573,0.43862042443878263,0.5769083207665159,0.6411376729181635,0.5905300305110927,0.44174682236995394,0.25682862720625615,0.047190014793746946,0.09522207419082601
0.304761353928205,0.4386204694787982,0.5769083800067106,0.6411377387537905,0.5905300911500416,0.44174686773100613,0.2568286535788668,0.04719001963948359,0.09522208396876501
0.2764229941584767,0.3434545791994116,0.4192229673805547,0.46496016189686495,0.4509235804764354,0.3695464179415333,0.24076370258250704,0.03514521221411899,0.1775711485763722
0.28658441466777757,0.3857938122388643,0.5191446736361879,0.6486507057476608,0.7378612719111247,0.7620325912964487,0.7143299002083943,0.5005419218566315,0.15902973476080642
0.30476132263359573,0.4386204244387823,0.5769083207665153,0.6411376729181634,0.5905300305110927,0.4417468223699537,0.2568286272062564,0.04719001479374723,0.0952220741908263
0.304761353928205,0.4386204694787982,0.5769083800067109,0.6411377387537908,0.5905300911500422,0.44174686773100574,0.25682865357886653,0.047190019639483695,0.09522208396876507
0.3047613226335958,0.4386204244387828,0.5769083207665155,0.6411376729181635,0.5905300305110929,0.4417468223699537,0.2568286272062565,0.04719001479374722,0.0952220741908265
0.30476135392820497,0.4386204694787982,0.5769083800067106,0.6411377387537907,0.5905300911500416,0.441746867731006,0.2568286535788671,0.04719001963948359,0.095222083968765
0.34267301525980925,0.5672704097664585,0.7940825944493671,0.890924585728135,0.7972355437579939,0.5558094948010754,0.28488291876508554,0.07795223784657142,0.33411336670434955
0.3047613539282049,0.4386204694787983,0.576908380006711,0.6411377387537914,0.590530091150042,0.44174686773100547,0.25682865357886675,0.04719001963948354,0.09522208396876582
0.2865844440958794,0.3857938518543455,0.5191447269448864,0.6486507723547689,0.7378613476788757,0.7620326695462477,0.7143299735598122,0.5005419732550955,0.15902975109087544
0.34267301525980937,0.5672704097664605,0.7940825944493674,0.890924585728135,0.797235543757994,0.5558094948010756,0.28488291876508565,0.07795223784657138,0.33411336670434955
0.3426729800722174,0.5672703515159446,0.7940825129085013,0.8909244942429898,0.7972354618933658,0.5558094377274312,0.2848828895117057,0.07795222984199697,0.3341133323957109
0.304761353928205,0.4386204694787982,0.5769083800067106,0.6411377387537908,0.5905300911500416,0.4417468677310061,0.25682865357886697,0.04719001963948359,0.095222083968765
0.2764230225431465,0.34345461446726266,0.41922301042873,0.4649602096415938,0.4509236267798083,0.3695464558886412,0.24076372730548018,0.0351452158230273,0.1775711668103777
0.28464890416047317,0.3577566949441299,0.3993809533483297,0.3531369263949811,0.22337499283227435,0.08364093074701727,0.03729743217473259,0.33682656268081984,0.9045558544837797
0.28464887493112323,0.3577566582076612,0.3993809123376481,0.35313689013289634,0.2233749698948742,0.08364092215829617,0.03729742834482286,0.33682652809357494,0.9045557615988999
0.2865844440958794,0.3857938518543455,0.5191447269448864,0.6486507723547686,0.7378613476788757,0.7620326695462477,0.7143299735598123,0.5005419732550955,0.15902975109087544
0.34267301525980925,0.5672704097664597,0.7940825944493668,0.8909245857281362,0.7972355437579935,0.5558094948010757,0.2848829187650858,0.07795223784657081,0.33411336670434993
0.34267301525980925,0.5672704097664596,0.7940825944493668,0.890924585728136,0.7972355437579935,0.5558094948010757,0.2848829187650858,0.07795223784657081,0.33411336670434993
0.30476132263359573,0.4386204244387824,0.5769083207665152,0.6411376729181635,0.5905300305110924,0.44174682236995366,0.25682862720625643,0.04719001479374723,0.09522207419082637
0.30476135392820497,0.4386204694787983,0.576908380006711,0.6411377387537914,0.590530091150042,0.44174686773100563,0.25682865357886675,0.04719001963948352,0.09522208396876582
0.284648904160473,0.35775669494413,0.3993809533483297,0.35313692639498145,0.22337499283227455,0.08364093074701759,0.037297432174732525,0.33682656268081995,0.9045558544837801
0.34267301525980925,0.5672704097664597,0.7940825944493668,0.8909245857281358,0.7972355437579935,0.5558094948010757,0.2848829187650858,0.07795223784657081,0.33411336670434993
0.3426730152598093,0.5672704097664597,0.7940825944493668,0.8909245857281362,0.7972355437579935,0.5558094948010757,0.2848829187650857,0.07795223784657081,0.33411336670434993
0.3047613539282049,0.4386204694787983,0.576908380006711,0.6411377387537914,0.590530091150042,0.4417468677310056,0.25682865357886653,0.04719001963948357,0.09522208396876577
0.3426729800722174,0.5672703515159448,0.7940825129085016,0.8909244942429898,0.7972354618933661,0.5558094377274315,0.28488288951170576,0.07795222984199703,0.33411333239571095
0.30476135392820514,0.43862046947879835,0.5769083800067109,0.641137738753791,0.5905300911500417,0.441746867731006,0.25682865357886675,0.0471900196394837,0.09522208396876497
0.3154991444088705,0.48911584207124725,0.7102007855099075,0.9015226433279666,0.9962471862251674,0.9612844061253053,0.8088478080027623,0.4329679460343098,0.2901226207415962
0.30476135392820497,0.4386204694787981,0.5769083800067106,0.6411377387537908,0.5905300911500416,0.4417468677310061,0.2568286535788669,0.04719001963948359,0.095222083968765
0.30476132263359573,0.43862042443878285,0.5769083207665151,0.6411376729181636,0.5905300305110928,0.4417468223699539,0.2568286272062563,0.04719001479374717,0.09522207419082619
0.31549914440887056,0.4891158420712472,0.7102007855099073,0.9015226433279666,0.9962471862251676,0.9612844061253053,0.8088478080027623,0.43296794603430977,0.2901226207415962
0.31549914440887067,0.4891158420712473,0.7102007855099072,0.9015226433279664,0.996247186225167,0.9612844061253042,0.8088478080027619,0.4329679460343099,0.290122620741596
0.3047613539282051,0.438620469478798,0.5769083800067107,0.641137738753791,0.5905300911500421,0.4417468677310058,0.2568286535788663,0.047190019639483674,0.09522208396876511
0.31549914440887056,0.4891158420712472,0.7102007855099075,0.9015226433279666,0.9962471862251674,0.9612844061253053,0.8088478080027623,0.43296794603430977,0.2901226207415962
0.3047613226335959,0.43862042443878263,0.5769083207665155,0.6411376729181635,0.590530030511093,0.4417468223699536,0.25682862720625643,0.047190014793747244,0.09522207419082639
0.304761353928205,0.4386204694787981,0.5769083800067106,0.6411377387537907,0.5905300911500416,0.44174686773100613,0.25682865357886675,0.04719001963948359,0.09522208396876503
0.30476135392820497,0.4386204694787983,0.576908380006711,0.6411377387537914,0.590530091150042,0.4417468677310054,0.25682865357886664,0.04719001963948354,0.09522208396876582
0.3426729800722175,0.5672703515159448,0.7940825129085017,0.8909244942429898,0.7972354618933661,0.5558094377274314,0.2848828895117058,0.07795222984199698,0.33411333239571095
0.304761353928205,0.4386204694787982,0.5769083800067106,0.6411377387537908,0.5905300911500416,0.441746867731006,0.25682865357886675,0.04719001963948359,0.09522208396876501
0.3047613539282049,0.43862046947879824,0.5769083800067109,0.6411377387537908,0.5905300911500421,0.4417468677310058,0.2568286535788665,0.04719001963948371,0.09522208396876503
0.3426730152598093,0.5672704097664597,0.794082594449367,0.8909245857281359,0.7972355437579937,0.5558094948010757,0.2848829187650858,0.07795223784657092,0.33411336670434977
0.3047613539282049,0.4386204694787983,0.576908380006711,0.6411377387537915,0.5905300911500418,0.4417468677310055,0.2568286535788664,0.04719001963948354,0.09522208396876577
0.3426729800722176,0.5672703515159445,0.794082512908502,0.8909244942429894,0.7972354618933664,0.5558094377274311,0.28488288951170576,0.07795222984199701,0.3341133323957107
0.3047613539282051,0.43862046947879796,0.5769083800067107,0.641137738753791,0.5905300911500421,0.4417468677310058,0.25682865357886636,0.0471900196394837,0.09522208396876511
0.30476132263359584,0.43862042443878224,0.5769083207665157,0.6411376729181637,0.5905300305110924,0.4417468223699536,0.25682862720625627,0.04719001479374684,0.095222074190826
0.30476132263359573,0.4386204244387824,0.5769083207665152,0.6411376729181635,0.5905300305110925,0.4417468223699536,0.25682862720625643,0.04719001479374723,0.09522207419082637
0.3154991120116448,0.489115791846083,0.7102007125824985,0.9015225507545536,0.9962470839249054,0.961284307415217,0.8088477249457217,0.4329679015747271,0.29012259095017406
0.26724307372943396,0.3159559469135694,0.3875775132445412,0.4693882192437175,0.5465744973703028,0.6046431481948947,0.631801478029694,0.5868334148665115,0.3491772470173518
0.30476135392820514,0.43862046947879835,0.576908380006711,0.6411377387537909,0.590530091150042,0.441746867731006,0.25682865357886675,0.0471900196394837,0.09522208396876494
0.284648904160473,0.35775669494412987,0.3993809533483296,0.3531369263949811,0.22337499283227463,0.08364093074701782,0.03729743217473275,0.3368265626808207,0.9045558544837812
0.2865844440958794,0.3857938518543455,0.5191447269448864,0.6486507723547686,0.7378613476788759,0.7620326695462477,0.7143299735598123,0.5005419732550955,0.15902975109087542
0.3154991444088707,0.4891158420712475,0.7102007855099077,0.9015226433279669,0.9962471862251677,0.9612844061253053,0.8088478080027623,0.4329679460343098,0.2901226207415963
0.304761353928205,0.4386204694787982,0.5769083800067106,0.6411377387537905,0.5905300911500416,0.44174686773100613,0.25682865357886686,0.04719001963948359,0.095222083968765
0.2865844440958794,0.38579385185434556,0.5191447269448864,0.6486507723547689,0.7378613476788757,0.762032669546248,0.7143299735598123,0.5005419732550955,0.15902975109087542
0.284648904160473,0.35775669494412987,0.3993809533483295,0.3531369263949811,0.22337499283227463,0.08364093074701782,0.03729743217473268,0.3368265626808207,0.9045558544837812
0.3047613226335957,0.43862042443878246,0.5769083207665153,0.6411376729181631,0.5905300305110924,0.44174682236995366,0.25682862720625643,0.047190014793747244,0.0952220741908264
0.3154991120116449,0.4891157918460831,0.7102007125824984,0.9015225507545533,0.9962470839249055,0.9612843074152173,0.8088477249457219,0.4329679015747271,0.29012259095017434
0.284648904160473,0.35775669494413,0.39938095334832946,0.35313692639498145,0.22337499283227455,0.08364093074701758,0.037297432174732664,0.33682656268081995,0.9045558544837801
0.28658444409587935,0.3857938518543455,0.5191447269448864,0.6486507723547688,0.7378613476788762,0.762032669546248,0.7143299735598123,0.5005419732550954,0.15902975109087542
0.2865844146677774,0.38579381223886433,0.5191446736361881,0.6486507057476609,0.7378612719111247,0.7620325912964486,0.7143299002083943,0.5005419218566318,0.15902973476080642
0.284648904160473,0.35775669494413,0.3993809533483297,0.3531369263949815,0.22337499283227455,0.08364093074701759,0.037297432174732574,0.33682656268081995,0.9045558544837801
0.3154991444088705,0.4891158420712472,0.7102007855099075,0.9015226433279666,0.9962471862251674,0.9612844061253053,0.808847808002762,0.4329679460343098,0.2901226207415962
0.3426729800722176,0.5672703515159448,0.7940825129085016,0.8909244942429898,0.7972354618933661,0.5558094377274314,0.28488288951170576,0.07795222984199698,0.33411333239571084
0.28464887493112323,0.3577566582076612,0.3993809123376481,0.3531368901328961,0.22337496989487413,0.08364092215829617,0.03729742834482286,0.336826528093575,0.9045557615988999
0.3154991444088705,0.4891158420712472,0.7102007855099075,0.9015226433279665,0.9962471862251674,0.9612844061253053,0.8088478080027622,0.4329679460343098,0.2901226207415962
0.2764229941584767,0.34345457919941164,0.4192229673805547,0.464960161896865,0.4509235804764354,0.3695464179415333,0.24076370258250707,0.035145212214118975,0.17757114857637224
0.3047613226335957,0.43862042443878224,0.5769083207665157,0.6411376729181635,0.5905300305110924,0.44174682236995383,0.25682862720625627,0.04719001479374718,0.09522207419082598
0.3047613539282049,0.43862046947879774,0.5769083800067104,0.641137738753791,0.5905300911500424,0.4417468677310056,0.25682865357886636,0.047190019639483514,0.09522208396876493
0.28658444409587924,0.38579385185434567,0.5191447269448869,0.6486507723547684,0.7378613476788765,0.7620326695462483,0.7143299735598115,0.5005419732550951,0.15902975109087508
0.304761353928205,0.4386204694787981,0.5769083800067106,0.6411377387537907,0.5905300911500416,0.44174686773100613,0.2568286535788671,0.04719001963948359,0.09522208396876503
0.34267301525980925,0.5672704097664596,0.7940825944493668,0.8909245857281359,0.7972355437579935,0.5558094948010757,0.2848829187650858,0.07795223784657081,0.33411336670434993
0.28658444409587935,0.3857938518543457,0.5191447269448869,0.6486507723547686,0.7378613476788758,0.7620326695462472,0.7143299735598116,0.5005419732550954,0.15902975109087536
0.3154991120116448,0.48911579184608295,0.7102007125824982,0.9015225507545535,0.9962470839249054,0.9612843074152169,0.8088477249457217,0.432967901574727,0.29012259095017406
0.2764229941584767,0.3434545791994117,0.4192229673805547,0.464960161896865,0.45092358047643555,0.3695464179415333,0.24076370258250707,0.03514521221411899,0.1775711485763722
0.34267301525980937,0.5672704097664585,0.794082594449367,0.890924585728135,0.7972355437579939,0.5558094948010754,0.28488291876508554,0.07795223784657142,0.33411336670434955
0.3426730152598093,0.5672704097664585,0.7940825944493671,0.890924585728135,0.7972355437579939,0.5558094948010756,0.2848829187650855,0.07795223784657142,0.33411336670434955
0.30476135392820497,0.43862046947879774,0.5769083800067104,0.641137738753791,0.5905300911500425,0.4417468677310059,0.2568286535788664,0.04719001963948354,0.09522208396876491
0.3047613539282051,0.4386204694787981,0.5769083800067106,0.6411377387537908,0.5905300911500416,0.44174686773100613,0.2568286535788671,0.04719001963948359,0.095222083968765
0.3047613539282049,0.43862046947879835,0.576908380006711,0.6411377387537915,0.590530091150042,0.44174686773100563,0.25682865357886675,0.04719001963948354,0.09522208396876582
0.28658444409587935,0.38579385185434567,0.5191447269448869,0.648650772354769,0.7378613476788772,0.762032669546248,0.7143299735598123,0.5005419732550955,0.1590297510908756
0.27642299415847654,0.3434545791994114,0.4192229673805546,0.4649601618968649,0.4509235804764351,0.3695464179415332,0.240763702582507,0.03514521221411898,0.17757114857637218
0.31549911201164477,0.48911579184608295,0.7102007125824986,0.9015225507545537,0.9962470839249054,0.961284307415217,0.8088477249457217,0.43296790157472703,0.29012259095017406
0.26724307372943396,0.3159559469135692,0.3875775132445412,0.4693882192437173,0.546574497370303,0.6046431481948947,0.6318014780296939,0.5868334148665115,0.3491772470173519
0.3426729800722176,0.5672703515159446,0.7940825129085017,0.8909244942429895,0.7972354618933665,0.555809437727431,0.2848828895117057,0.07795222984199701,0.3341133323957108
0.284648904160473,0.35775669494413,0.3993809533483298,0.35313692639498145,0.22337499283227458,0.08364093074701759,0.03729743217473266,0.33682656268081995,0.9045558544837801
0.2846488749311234,0.35775665820766145,0.39938091233764805,0.3531368901328961,0.22337496989487457,0.08364092215829666,0.037297428344822574,0.33682652809357466,0.9045557615988994
0.3047613539282049,0.43862046947879835,0.576908380006711,0.6411377387537914,0.590530091150042,0.44174686773100563,0.25682865357886675,0.04719001963948355,0.09522208396876577
0.34267301525980925,0.5672704097664589,0.7940825944493671,0.890924585728135,0.7972355437579932,0.5558094948010756,0.2848829187650855,0.07795223784657142,0.33411336670434955
0.34267301525980925,0.5672704097664596,0.7940825944493668,0.8909245857281359,0.7972355437579935,0.5558094948010757,0.2848829187650858,0.07795223784657081,0.33411336670434993
0.304761353928205,0.43862046947879824,0.5769083800067109,0.6411377387537908,0.5905300911500421,0.44174686773100574,0.2568286535788665,0.0471900196394837,0.09522208396876503
0.30476135392820497,0.4386204694787976,0.5769083800067104,0.6411377387537908,0.5905300911500425,0.44174686773100563,0.2568286535788665,0.04719001963948352,0.09522208396876491
0.31549914440887056,0.4891158420712472,0.7102007855099075,0.9015226433279666,0.9962471862251674,0.9612844061253053,0.8088478080027613,0.4329679460343098,0.2901226207415962
0.3426730152598093,0.5672704097664593,0.7940825944493665,0.8909245857281349,0.7972355437579939,0.555809494801075,0.2848829187650856,0.07795223784657089,0.33411336670434955
0.28658444409587935,0.38579385185434556,0.5191447269448868,0.6486507723547689,0.737861347678876,0.7620326695462473,0.7143299735598114,0.5005419732550954,0.1590297510908754
0.27642302254314655,0.3434546144672622,0.41922301042873,0.4649602096415938,0.45092362677980846,0.3695464558886413,0.24076372730548026,0.035145215823027265,0.1775711668103777
0.31549911201164477,0.4891157918460827,0.710200712582498,0.9015225507545533,0.9962470839249048,0.9612843074152171,0.8088477249457212,0.432967901574727,0.29012259095017406
0.2865844440958794,0.38579385185434556,0.5191447269448864,0.6486507723547689,0.7378613476788757,0.7620326695462477,0.7143299735598123,0.5005419732550955,0.15902975109087542
0.284648904160473,0.35775669494412987,0.3993809533483296,0.35313692639498107,0.22337499283227455,0.08364093074701782,0.03729743217473275,0.3368265626808207,0.9045558544837812
0.34267298007221747,0.5672703515159448,0.7940825129085017,0.8909244942429898,0.7972354618933661,0.5558094377274314,0.2848828895117058,0.07795222984199704,0.334113332395711
0.2672430462874127,0.3159559144694364,0.3875774734459033,0.46938817104429614,0.5465744412449607,0.6046430861067369,0.6318014131527666,0.5868333546071575,0.3491772111618691
0.3047613226335958,0.43862042443878246,0.5769083207665158,0.6411376729181635,0.5905300305110927,0.441746822369954,0.25682862720625615,0.04719001479374695,0.09522207419082603
0.28464887493112345,0.35775665820766167,0.39938091233764816,0.3531368901328962,0.22337496989487457,0.08364092215829642,0.03729742834482255,0.33682652809357494,0.9045557615988996
0.28658441466777745,0.385793812238864,0.5191446736361874,0.6486507057476604,0.7378612719111245,0.7620325912964482,0.7143299002083943,0.500541921856632,0.1590297347608064
0.31549914440887056,0.4891158420712472,0.7102007855099075,0.9015226433279666,0.9962471862251676,0.9612844061253053,0.8088478080027613,0.4329679460343098,0.2901226207415962
0.3047613539282049,0.43862046947879774,0.5769083800067104,0.6411377387537908,0.5905300911500425,0.4417468677310058,0.2568286535788665,0.04719001963948352,0.09522208396876491
0.34267301525980937,0.5672704097664585,0.7940825944493671,0.890924585728135,0.7972355437579942,0.5558094948010756,0.2848829187650855,0.07795223784657145,0.33411336670434955
0.28464887493112345,0.3577566582076616,0.3993809123376481,0.3531368901328962,0.22337496989487457,0.08364092215829642,0.03729742834482256,0.33682652809357494,0.9045557615988994
0.2764229941584765,0.3434545791994116,0.4192229673805547,0.46496016189686495,0.4509235804764351,0.36954641794153337,0.24076370258250726,0.03514521221411902,0.17757114857637205
0.2764229941584767,0.34345457919941164,0.4192229673805547,0.464960161896865,0.4509235804764354,0.3695464179415333,0.24076370258250704,0.035145212214119,0.17757114857637224
0.3047613539282049,0.4386204694787982,0.576908380006711,0.6411377387537915,0.590530091150042,0.44174686773100547,0.25682865357886675,0.04719001963948354,0.09522208396876582
0.3047613539282049,0.43862046947879835,0.576908380006711,0.6411377387537915,0.590530091150042,0.44174686773100547,0.25682865357886675,0.04719001963948354,0.09522208396876582
0.30476135392820497,0.4386204694787982,0.576908380006711,0.6411377387537914,0.590530091150042,0.4417468677310056,0.25682865357886675,0.04719001963948354,0.09522208396876582
0.30476132263359584,0.43862042443878263,0.5769083207665155,0.6411376729181635,0.590530030511093,0.4417468223699536,0.2568286272062565,0.047190014793747244,0.0952220741908265
0.2846488749311234,0.35775665820766167,0.3993809123376481,0.3531368901328962,0.2233749698948746,0.08364092215829655,0.037297428344822504,0.33682652809357494,0.9045557615988997
0.3154991444088705,0.48911584207124725,0.7102007855099075,0.9015226433279666,0.9962471862251674,0.9612844061253053,0.8088478080027613,0.4329679460343098,0.29012262074159617
0.34267298007221747,0.5672703515159448,0.7940825129085017,0.8909244942429898,0.7972354618933661,0.5558094377274314,0.2848828895117057,0.07795222984199697,0.33411333239571095
0.30476132263359573,0.43862042443878263,0.576908320766515,0.6411376729181635,0.5905300305110924,0.441746822369954,0.2568286272062562,0.04719001479374716,0.09522207419082612
0.30476132263359573,0.4386204244387828,0.5769083207665154,0.6411376729181635,0.5905300305110929,0.44174682236995366,0.25682862720625643,0.04719001479374722,0.09522207419082647
0.30476135392820486,0.4386204694787983,0.576908380006711,0.641137738753791,0.5905300911500424,0.44174686773100563,0.2568286535788663,0.04719001963948368,0.09522208396876515
0.28464890416047295,0.35775669494412987,0.3993809533483295,0.3531369263949811,0.22337499283227458,0.0836409307470178,0.03729743217473275,0.33682656268082073,0.9045558544837812
0.34267298007221747,0.5672703515159448,0.7940825129085017,0.8909244942429898,0.7972354618933661,0.5558094377274314,0.28488288951170576,0.077952229841997,0.334113332395711
0.30476132263359584,0.4386204244387827,0.5769083207665155,0.6411376729181635,0.5905300305110929,0.4417468223699537,0.25682862720625643,0.04719001479374722,0.09522207419082647
0.3047613539282049,0.4386204694787983,0.576908380006711,0.6411377387537914,0.5905300911500418,0.4417468677310055,0.2568286535788664,0.04719001963948354,0.09522208396876577
0.3426729800722176,0.567270351515945,0.7940825129085017,0.8909244942429898,0.7972354618933661,0.5558094377274314,0.2848828895117058,0.07795222984199698,0.33411333239571095
0.2865844146677774,0.38579381223886433,0.5191446736361879,0.6486507057476608,0.7378612719111247,0.7620325912964486,0.7143299002083943,0.5005419218566318,0.1590297347608064
0.30476135392820514,0.43862046947879835,0.5769083800067109,0.6411377387537909,0.5905300911500417,0.441746867731006,0.25682865357886686,0.0471900196394837,0.09522208396876503
0.3154991444088706,0.4891158420712472,0.7102007855099075,0.9015226433279666,0.9962471862251676,0.9612844061253053,0.8088478080027622,0.43296794603430977,0.2901226207415962
0.3154991120116448,0.48911579184608317,0.7102007125824982,0.9015225507545536,0.9962470839249055,0.961284307415217,0.8088477249457218,0.43296790157472703,0.2901225909501741
0.30476132263359595,0.4386204244387826,0.5769083207665154,0.6411376729181635,0.5905300305110928,0.44174682236995394,0.25682862720625643,0.047190014793747175,0.09522207419082614
0.28464887493112345,0.3577566582076616,0.3993809123376481,0.3531368901328962,0.22337496989487457,0.08364092215829644,0.03729742834482256,0.33682652809357494,0.9045557615988993
0.34267301525980953,0.5672704097664594,0.7940825944493665,0.8909245857281349,0.7972355437579937,0.555809494801075,0.2848829187650854,0.07795223784657093,0.3341133667043496
0.34267301525980925,0.5672704097664596,0.7940825944493668,0.890924585728136,0.7972355437579935,0.5558094948010757,0.2848829187650858,0.07795223784657081,0.33411336670434993
0.28464887493112345,0.35775665820766167,0.3993809123376483,0.3531368901328962,0.22337496989487457,0.08364092215829642,0.03729742834482255,0.33682652809357494,0.9045557615988996
0.31549914440887056,0.4891158420712472,0.7102007855099075,0.9015226433279666,0.9962471862251676,0.9612844061253053,0.8088478080027613,0.4329679460343097,0.29012262074159617
0.3047613226335957,0.4386204244387822,0.5769083207665153,0.6411376729181633,0.5905300305110927,0.44174682236995366,0.2568286272062565,0.04719001479374723,0.09522207419082637
0.2865844146677776,0.3857938122388641,0.519144673636188,0.6486507057476608,0.737861271911125,0.7620325912964486,0.7143299002083938,0.500541921856632,0.1590297347608066
0.3426730152598093,0.5672704097664596,0.7940825944493668,0.8909245857281359,0.7972355437579935,0.5558094948010757,0.2848829187650858,0.07795223784657081,0.33411336670434993
0.2865844146677773,0.385793812238864,0.5191446736361877,0.6486507057476609,0.7378612719111244,0.7620325912964485,0.7143299002083939,0.5005419218566316,0.1590297347608064
0.30476132263359584,0.4386204244387826,0.5769083207665155,0.6411376729181635,0.590530030511093,0.4417468223699537,0.2568286272062565,0.04719001479374722,0.09522207419082643
0.2865844440958794,0.38579385185434556,0.5191447269448864,0.6486507723547686,0.7378613476788758,0.762032669546248,0.7143299735598123,0.5005419732550955,0.15902975109087542
0.34267301525980925,0.5672704097664596,0.7940825944493668,0.890924585728136,0.7972355437579935,0.5558094948010757,0.2848829187650858,0.07795223784657081,0.33411336670434993
0.30476135392820497,0.4386204694787982,0.576908380006711,0.6411377387537914,0.590530091150042,0.44174686773100547,0.25682865357886675,0.04719001963948354,0.09522208396876584
0.31549914440887056,0.4891158420712472,0.7102007855099075,0.9015226433279666,0.9962471862251676,0.9612844061253053,0.8088478080027613,0.4329679460343098,0.2901226207415962
0.3047613539282049,0.43862046947879824,0.5769083800067109,0.6411377387537908,0.5905300911500422,0.44174686773100574,0.2568286535788665,0.04719001963948371,0.09522208396876504
0.31549914440887056,0.4891158420712472,0.7102007855099075,0.9015226433279666,0.9962471862251674,0.9612844061253053,0.8088478080027622,0.4329679460343098,0.29012262074159617
0.3426729800722175,0.5672703515159448,0.7940825129085017,0.8909244942429897,0.7972354618933661,0.5558094377274314,0.2848828895117058,0.07795222984199704,0.334113332395711
0.26724304628741263,0.3159559144694363,0.3875774734459031,0.46938817104429614,0.5465744412449605,0.6046430861067368,0.6318014131527662,0.5868333546071574,0.3491772111618691
0.2865844440958794,0.3857938518543455,0.5191447269448864,0.6486507723547686,0.7378613476788757,0.762032669546248,0.7143299735598123,0.5005419732550955,0.15902975109087542
0.2865844440958794,0.38579385185434556,0.5191447269448864,0.6486507723547686,0.7378613476788758,0.7620326695462479,0.7143299735598123,0.5005419732550955,0.15902975109087544
0.3426729800722176,0.5672703515159445,0.7940825129085017,0.8909244942429894,0.7972354618933665,0.555809437727431,0.28488288951170576,0.07795222984199696,0.3341133323957107
0.3047613226335957,0.4386204244387826,0.5769083207665152,0.6411376729181634,0.5905300305110928,0.4417468223699535,0.25682862720625654,0.0471900147937472,0.09522207419082628
0.3047613539282052,0.4386204694787982,0.5769083800067109,0.6411377387537908,0.5905300911500422,0.44174686773100574,0.2568286535788666,0.04719001963948375,0.09522208396876507
0.3426729800722175,0.5672703515159442,0.7940825129085015,0.8909244942429894,0.797235461893366,0.555809437727431,0.2848828895117055,0.077952229841997,0.3341133323957107
0.3154991120116448,0.4891157918460831,0.7102007125824982,0.9015225507545536,0.9962470839249054,0.961284307415217,0.8088477249457217,0.43296790157472703,0.2901225909501741
0.3426730152598094,0.5672704097664605,0.7940825944493675,0.8909245857281352,0.797235543757994,0.5558094948010756,0.2848829187650855,0.07795223784657138,0.33411336670434955
0.3047613539282051,0.43862046947879835,0.576908380006711,0.6411377387537909,0.5905300911500417,0.441746867731006,0.25682865357886686,0.0471900196394837,0.09522208396876508
0.28658444409587935,0.3857938518543455,0.5191447269448869,0.6486507723547686,0.7378613476788762,0.7620326695462475,0.7143299735598115,0.5005419732550954,0.15902975109087528
0.2865844440958794,0.3857938518543455,0.5191447269448864,0.6486507723547689,0.7378613476788757,0.7620326695462477,0.7143299735598122,0.5005419732550955,0.15902975109087544
0.2865844440958794,0.38579385185434556,0.5191447269448864,0.6486507723547688,0.737861347678876,0.762032669546248,0.7143299735598123,0.5005419732550955,0.15902975109087542
0.3426730152598095,0.5672704097664591,0.7940825944493665,0.8909245857281349,0.7972355437579939,0.555809494801075,0.28488291876508554,0.07795223784657089,0.33411336670434955
0.2764229941584766,0.34345457919941175,0.41922296738055537,0.464960161896865,0.4509235804764353,0.3695464179415332,0.24076370258250737,0.03514521221411902,0.17757114857637205
0.2865844146677776,0.3857938122388641,0.519144673636188,0.6486507057476606,0.7378612719111249,0.7620325912964486,0.7143299002083938,0.500541921856632,0.15902973476080656
0.3154991120116449,0.48911579184608295,0.7102007125824985,0.9015225507545536,0.9962470839249054,0.9612843074152171,0.8088477249457217,0.4329679015747271,0.29012259095017406
0.2865844440958794,0.3857938518543455,0.5191447269448864,0.6486507723547686,0.7378613476788757,0.762032669546248,0.7143299735598123,0.5005419732550955,0.15902975109087544
0.30476132263359573,0.4386204244387826,0.5769083207665159,0.6411376729181636,0.5905300305110927,0.44174682236995394,0.25682862720625615,0.047190014793746946,0.09522207419082601
0.34267301525980925,0.5672704097664596,0.7940825944493668,0.8909245857281358,0.7972355437579935,0.5558094948010757,0.28488291876508576,0.07795223784657081,0.33411336670434993
0.2764229941584767,0.34345457919941164,0.4192229673805546,0.464960161896865,0.4509235804764354,0.36954641794153326,0.240763702582507,0.035145212214118975,0.17757114857637224
0.3047613226335957,0.43862042443878224,0.5769083207665157,0.641137672918163,0.5905300305110921,0.4417468223699539,0.25682862720625604,0.04719001479374684,0.09522207419082598
0.30476132263359573,0.43862042443878285,0.5769083207665151,0.6411376729181636,0.5905300305110928,0.4417468223699539,0.2568286272062563,0.04719001479374714,0.09522207419082618
0.34267301525980937,0.5672704097664585,0.7940825944493671,0.890924585728135,0.7972355437579939,0.5558094948010754,0.2848829187650855,0.07795223784657145,0.33411336670434955
0.3047613226335957,0.43862042443878246,0.5769083207665157,0.6411376729181633,0.5905300305110925,0.44174682236995405,0.2568286272062561,0.04719001479374695,0.09522207419082597
0.3426729800722175,0.5672703515159445,0.794082512908502,0.8909244942429898,0.7972354618933664,0.5558094377274316,0.28488288951170604,0.07795222984199694,0.3341133323957107
0.3426729800722176,0.5672703515159446,0.7940825129085017,0.8909244942429894,0.7972354618933665,0.555809437727431,0.2848828895117057,0.07795222984199701,0.3341133323957108
0.34267301525980925,0.5672704097664596,0.7940825944493668,0.8909245857281359,0.7972355437579935,0.5558094948010757,0.2848829187650858,0.07795223784657081,0.33411336670434993
0.31549914440887056,0.48911584207124725,0.7102007855099075,0.9015226433279666,0.9962471862251674,0.9612844061253053,0.8088478080027623,0.4329679460343098,0.2901226207415962
