gamma=0.8,gamma=1.6,gamma=2.4,gamma=3.2,gamma=4,gamma=4.8,gamma=5.6,gamma=7,gamma=9
0.30965401313877317,0.4574233624082441,0.6163833332399141,0.7047048152745299,0.6779080697490908,0.5495060640445721,0.379798556630363,0.18575524548206196,0.25318212501043524
0.30663306616519104,0.4474640629991447,0.6005245764497441,0.6888527193495675,0.6699596189243057,0.5553769610154047,0.40066416552406114,0.22292340073435693,0.29570557957151566
0.3104072605792076,0.4592994406213075,0.617107524385056,0.7001694317063771,0.6650718495202018,0.5294449214167909,0.3585897339193548,0.1823193714123447,0.2737503517801999
0.3046833053086165,0.43948789366439567,0.582782868669599,0.659340887218748,0.629993930992961,0.5102471120888967,0.35837930214503216,0.20126188549297463,0.28436213738044647
0.31175030585170244,0.46506611265300807,0.6312854749324253,0.7262787827888001,0.7032160636229374,0.5739305573752878,0.3984556733871299,0.1881783621171452,0.24950086823094858
0.31398194130891904,0.471235733631352,0.6368629977081067,0.7220242931985869,0.6811712356273476,0.5340374185282861,0.3511165249685206,0.16744028751603346,0.2797013946215807
0.3083786527375948,0.4538235722733859,0.6127987493628977,0.7061797744717707,0.6891758775670268,0.5714668292898184,0.4077963993119517,0.20289246765549984,0.23392069069957808
0.3099677140494612,0.4591151114585365,0.6213633032015426,0.715116325124866,0.694712007866269,0.5711585943862332,0.40204199538310037,0.1960928832091736,0.24161769397009683
0.31113582382053967,0.4624085857226856,0.6248476637797851,0.714601139444443,0.6861732436527654,0.553494967630473,0.37838161570936396,0.1769885141666184,0.24063733838028178
0.3114405395970483,0.4644958876906316,0.6317608511218947,0.7298872076617001,0.7115420346882773,0.5866700784291521,0.41278700902597343,0.1937269838878482,0.22717216770518264
0.30821067166350946,0.4523027803456193,0.6068882132869796,0.6920408336561482,0.6649776336116924,0.5401144458057596,0.377435195441994,0.1987539671632046,0.27307756724256355
0.31094929782171926,0.4621511505628179,0.6253402128417367,0.7169932916112002,0.6913135343502737,0.5613988599372016,0.38813944338333645,0.18691088631702882,0.25211011060097777
0.3075102237923657,0.4513152993304114,0.6098896008377354,0.7058238475791702,0.6946172433040397,0.5844831677639578,0.42764272402149794,0.22699125324409478,0.2516156689286241
0.30796668212718764,0.4513190558956101,0.6049371321394543,0.6892298734196582,0.6614583926464932,0.535708137760554,0.3715372688820437,0.18897078676278964,0.26310257337930865
0.30708754874296007,0.44955545278471415,0.6060592169059241,0.6994985715689939,0.6855172836072345,0.5722571001422081,0.4119051411056486,0.2056651936583629,0.23402160860496327
0.3085168250418203,0.4540671706655052,0.6127207799440366,0.7050760924887621,0.6861992956302121,0.5658271125794743,0.39907626367174637,0.19022881007495787,0.22732294315233398
0.3066123831096429,0.4477087801372099,0.6023446927878771,0.694082984342211,0.6792136454560069,0.566234232065067,0.40723667820062964,0.20419424667475558,0.23224617325878757
0.30758328330843776,0.44982723432922544,0.6017529139557196,0.6842005815349635,0.6552339729221087,0.5298424303328036,0.3680081403161111,0.19171902919540915,0.26014937203854976
0.3088879744183434,0.45447306317076225,0.6102350875972673,0.6952565775487419,0.6664927671739685,0.5389560950398683,0.37365860718098787,0.19223172831138685,0.25990696277067327
0.3062660338931743,0.4470953715783764,0.6027907820631279,0.6977998791112012,0.6884489477418251,0.5822651271531102,0.42962054267518685,0.2312064326990774,0.24559098263931398
0.3084543377083246,0.4532773651149827,0.6094143072577075,0.697056622101432,0.67259717237709,0.5485886749000739,0.38283636621063494,0.18634826173727786,0.22301706322121156
0.3082326533224225,0.4528471623571986,0.6097064989037775,0.6995210540778124,0.6781683261074594,0.5567721086195435,0.39173161985390226,0.19251336309995018,0.24031515695424016
0.3088609221335871,0.4549759588899917,0.6130813956655243,0.7029152685665615,0.6805009957742828,0.5584262061289499,0.39509527046980825,0.20731427845605793,0.27400775851997794
0.3090071907134092,0.45576365384788803,0.615422939864745,0.7076572337793638,0.687388123390528,0.5652555791533389,0.3978695659225087,0.193521730183616,0.2421157137511196
0.3088755380400269,0.4556149613733977,0.616105099328276,0.7105514364252291,0.6937667663183449,0.5755276537755643,0.41113494550732016,0.20671506373768153,0.2450341919305875
0.3099839010851093,0.4583540454692312,0.6172186573963301,0.7041252390868963,0.6751428056716123,0.5454642711119262,0.37716480924795237,0.19208106448102558,0.2602671859975092
0.310192435844618,0.459379748605344,0.6202765198424754,0.7106249187039027,0.6854488252101436,0.5576886573281669,0.3870123227046044,0.1856403762637158,0.2288808131350396
0.3116888998339651,0.4647440223459377,0.6303386019145953,0.7242128216477174,0.6995672371357947,0.5684876034633378,0.391438485040637,0.18031571459510473,0.24646077349362683
0.3115612665451869,0.46429174963899617,0.6293767944066967,0.7228212761905691,0.698602630697994,0.5698290047714247,0.3974477884680908,0.19652146380255409,0.25441959412006176
0.3073789358153592,0.45038111359997507,0.6069067088694494,0.6993480444384065,0.6836590585619321,0.5691289337933795,0.40930294362710506,0.20947048171716917,0.2453954963541029
0.3115665858306434,0.46398852335552687,0.6278089496649784,0.7186321854335043,0.6907304085966613,0.5582652285997707,0.3835816092582197,0.18462206012466995,0.253134860100883
0.30719617294398294,0.4489739306991857,0.601907530993625,0.6879749324354241,0.6648344449351427,0.5453731968618333,0.38680943294726694,0.2058015077602492,0.2626634039388162
0.31014297943629554,0.45987911548110527,0.6230533732945406,0.7177430527734776,0.697769520614907,0.573613986200331,0.40257172789112733,0.19079605596670052,0.23001711714232165
0.31171432516649333,0.4641546672553879,0.6270865642839252,0.7157574188332514,0.6850433474538861,0.5505802256698729,0.3762781885489765,0.18457983455541646,0.2599893605455934
0.30723110477709636,0.4494868338083364,0.604177827208191,0.6935821218265933,0.6742552958568662,0.5566552779908227,0.39541143018079117,0.19691201043629672,0.2273969519812476
0.3083932842150088,0.45401650237168456,0.6137442790094965,0.7087243279059607,0.6938697479363075,0.5779804319930348,0.41481894638056976,0.2071054406615704,0.23699901217697233
0.3094075234382514,0.45748748242226667,0.6197958810958464,0.7160168271069253,0.700014163659874,0.5803241980490766,0.41127684259689695,0.19172729749936437,0.21064742607195552
0.3112451040626053,0.4636445670570272,0.6296231919797922,0.7258099716689361,0.7052447312200233,0.5786883625322089,0.4046975033423388,0.191529784847316,0.24442964101273187
0.30789325051895533,0.4517617017311843,0.6077332367474624,0.6967373193067038,0.6749962360717793,0.5540908811675825,0.3907386348818471,0.19651577682894056,0.24644116910348798
0.3086366704783892,0.4537876564800439,0.6099673330069142,0.6970198616487807,0.6713389605383215,0.5459835634102491,0.3797384170023419,0.18799840273030183,0.2487730731413246
0.30907861238698814,0.45611332097469276,0.6162372742481952,0.7090093855043466,0.6892380240981443,0.5674845353944623,0.40026218822997206,0.1950191803733407,0.23727652163270288
0.3123414540530224,0.4665596148691872,0.6319647669025995,0.7230398071136451,0.6938075414896301,0.5592642270632787,0.3831798255617155,0.18611706880369153,0.2597859861571223
0.3137958217743733,0.4721860383876441,0.6435943124302823,0.7407194370934604,0.7151114191795529,0.579363346787205,0.3960501451075173,0.17615198619759445,0.23200679802495952
0.30938633479541694,0.45628916345658477,0.6136428441557936,0.6997470687690924,0.6707851136117627,0.541305817406104,0.37241758192630986,0.18326430645157013,0.24792095993462557
0.3117693448670121,0.4645517178337939,0.6282228439412717,0.7178351539891102,0.687755534960118,0.5529560744705337,0.3768160619173612,0.17830004688339834,0.24328492114485936
0.3085836401315995,0.4535628578838193,0.6094707286644628,0.6962086228358988,0.6702494611946077,0.5447389954360337,0.3785467017924284,0.18762464970185158,0.25162747934705915
0.308758636330661,0.45482574017363153,0.6136577977720424,0.7053011623348581,0.6848500269519536,0.5627965307006613,0.3953914114762507,0.19000445294678361,0.23680570337652654
0.30671705303849334,0.44722124959976556,0.598412021474591,0.6825454489367047,0.6573789174878247,0.5357423986333928,0.3748204648460624,0.19008649518551352,0.24865711994600806
0.309859920904159,0.4578020033632757,0.6160196202244999,0.7021656223248416,0.6722442536272055,0.5412869565808859,0.3714607953157088,0.18572909444966665,0.2713676405203613
0.3139720561302614,0.4726728650925255,0.6440764339446293,0.7406066341140609,0.7140372128642483,0.5776824171137619,0.3949597182055618,0.17975640768080384,0.24210620078805944
0.30794903840879584,0.4519136717390455,0.6082390028371839,0.69823748571462,0.6782911172306395,0.5596614424667418,0.39828897027911453,0.20406935118578626,0.24328347611886322
0.3089117809557105,0.45546357595098286,0.615147299325824,0.7080262729130554,0.6891528903920481,0.5688505157151982,0.4030068970273059,0.19813312273127826,0.2358917677193689
0.31028877121912407,0.4604908853142886,0.624857163867044,0.7217711342137167,0.7046214960966787,0.5826391184104872,0.41168377817423,0.19393769401666708,0.22598483567955946
0.31272515267432427,0.4674740828153087,0.6321679138795558,0.7202476051745652,0.6860300293900847,0.5462842181914893,0.3671406623098775,0.17334362804920353,0.25508591473259595
0.3098867633274858,0.4587947931339015,0.6208541147022838,0.7147426343368122,0.6948951242428816,0.5721886916114457,0.40404399856707907,0.20062534354956923,0.2572052785185014
0.3084892724224336,0.4544242708210404,0.6145088013640636,0.7095494121489229,0.694150503098282,0.5770404789099226,0.4122625276633139,0.20268558712525384,0.23815544790057613
0.3106084386936159,0.46057725477072,0.6215936071609335,0.7106109154694584,0.6828252577692475,0.5524867923837776,0.3811825957606874,0.18742065032295807,0.2542767903153461
0.30926233285929894,0.45685893605515215,0.6180652433786543,0.7124840866295474,0.6945683156745903,0.5740741399299703,0.40654584653890447,0.19541357075278792,0.22221152476039568
0.30893638367678683,0.45569362798030255,0.6157511159593994,0.7090270533401655,0.6905092017208104,0.570646345881742,0.405571475729508,0.20320775482134187,0.24479021907419907
0.3050187710971613,0.44307298362323083,0.597062733076999,0.6937279042770131,0.6893751153966722,0.5887139347616507,0.4379766136851822,0.227466097131988,0.21662405810070742
0.3060365910349354,0.44550201040453274,0.5976666483283116,0.6867051806654526,0.6700955153179043,0.5577660988435035,0.4026628789699409,0.21147893032690382,0.24096188640453917
0.3090964154509626,0.4567927364909735,0.6196923531743328,0.7182564707997972,0.7063101310088665,0.5915129843389733,0.4270505697770747,0.21365705533550905,0.24725450640602012
0.31241580049386525,0.4666292755033467,0.63145822723568,0.7209462943435773,0.6890305939418419,0.5511164976595935,0.3717804826099626,0.17193136617939844,0.2509118319598802
0.30810161900802857,0.4526910136352651,0.6102543043137842,0.7018512258384407,0.6830895051820031,0.5642006767284616,0.40045768717653035,0.19872607005825718,0.23793579794441852
0.31407944669127447,0.4722641744457959,0.6409537512377692,0.7317781932702306,0.6976391596010697,0.5548607890639673,0.37035386816227855,0.16735066986649114,0.25422195720345847
0.30972245148438365,0.4575360407200342,0.6163630454280299,0.7044051254414141,0.6773958773357512,0.5491314989539255,0.3800803694673251,0.187900664305973,0.2542785052858764
0.3099833667357943,0.45843799108888544,0.6178154988165411,0.7058141039174384,0.6780287936647525,0.5486780646615078,0.3790862220970622,0.18982152285324141,0.2701245940026625
0.3060449469516347,0.44605374136085935,0.600399976338701,0.6935980942749993,0.6816514052857711,0.571509814953866,0.4134113912079477,0.20609618621758277,0.2364212349738546
0.30854265946687487,0.45468890682597807,0.615185494195375,0.7107700541996966,0.6958157182780801,0.5786899229224148,0.4130671023660975,0.1995179189732751,0.2260453181822471
0.3081662169732628,0.4534477307381629,0.613202260701609,0.7088906743603871,0.6954725116401711,0.5815392411199501,0.42049942033859505,0.21595870313591553,0.24899035850852838
0.3072254343593353,0.4488755698099759,0.6010502576785193,0.6853409382597204,0.6594369457674266,0.5367984086123605,0.3755935201698608,0.19389086069341574,0.25933910384200315
0.3105799577642743,0.4608167770889556,0.6227203933372726,0.7130760184850015,0.6863487903452912,0.5557465055059827,0.38201571404743295,0.17907180233704087,0.23482155585286024
0.30702340011504564,0.44882767977944216,0.6029932014047963,0.6918742975218724,0.6721072050571814,0.5543567798524437,0.3936581712988886,0.19954246427555436,0.24786998961965293
0.3095246571258358,0.45687323190089985,0.6152864498753241,0.7033206520228151,0.6769353524452852,0.549922900497054,0.3825235570191951,0.1931530308704789,0.26140221403901115
0.3092029061450755,0.4559430597034663,0.6144408287191424,0.7039326262627931,0.679823330513203,0.5539974435550284,0.3843318948570652,0.1796822884586189,0.2198739643292143
0.3126265820789843,0.46719040148629504,0.6316504957778073,0.7193558480865455,0.684498731257545,0.5437907822782251,0.3634251376486151,0.1674138963911022,0.24774059011930996
0.3116403874686309,0.4637020842113684,0.6254258619578331,0.7116169364373072,0.6773286151222481,0.5391380848223174,0.3622752858928522,0.17140251818681862,0.2547046152577682
0.30929106571472603,0.456145422958378,0.6144249939800064,0.7030507946437328,0.6774040341707434,0.5497167114440044,0.37843584213711556,0.17287049580384375,0.21499333574157187
0.30890982902257724,0.4539341716389289,0.6073110475289695,0.6873027364185204,0.6513390277161573,0.5164019533019485,0.34629896799040244,0.16907836180139368,0.2661143398187859
0.30961226693833227,0.4578479318550364,0.6190883625426612,0.7121611500328431,0.6914576701361591,0.567687739938602,0.3981948355874435,0.19270793373152867,0.25408855549757103
0.3066384769258745,0.4474480922558282,0.6005491049012469,0.6890279012382391,0.6701170689610989,0.554661848110992,0.3973464171334692,0.20925161571083048,0.25811211387014876
0.31121400876625394,0.46360966288926997,0.6296994945715464,0.7260974462860363,0.705718293861025,0.5791320920262628,0.4047179551960051,0.18972016631789904,0.23957269707030457
0.3119204683526133,0.4649774167093467,0.628828797295063,0.7182254880929021,0.6870444429202187,0.5497460760218564,0.36960796561758724,0.163270907518258,0.23237321481364162
0.30723699206683175,0.4497335707197852,0.6051397149517935,0.6957091130616725,0.6777149436759216,0.5613695568790054,0.40157520078190967,0.21003473324025163,0.27741027733233564
0.3108774656534667,0.461996390070737,0.6255832490284077,0.7185327028626441,0.6948690126477969,0.566784009027484,0.39392679746561676,0.18785894847592954,0.24075844062416618
0.3089412908647364,0.4558474154384658,0.6165942820895934,0.7112781509924139,0.6943986414847662,0.575327237313664,0.40919284642633,0.20115252128600836,0.24451759078790128
0.30910474114797426,0.4562774642098537,0.617002036557053,0.7111797572116778,0.6935450521469311,0.5740798628406889,0.40854151112683407,0.20403653672111197,0.24923333034736356
0.3097340327291123,0.45915011346661455,0.6241578083609337,0.7241988975660671,0.7121154181936687,0.5949651380734828,0.42591373898458473,0.20105938819946198,0.22070132709731657
0.30906460536454394,0.4552286743736127,0.6122751652487375,0.6994310492560116,0.6731674386746358,0.5473913261827613,0.38196319378828675,0.19536491670086994,0.2594717565211586
0.30969521881105666,0.4581037744343792,0.6192876103200263,0.711838927348027,0.6903435466562355,0.5660920018820188,0.3969158146746694,0.1926533400624506,0.242791907483699
0.30926383409810654,0.45750460031542806,0.6213573710309219,0.7212329810791709,0.7107826474985153,0.5973420415821181,0.43362817458887465,0.21846488982759976,0.24038019608435834
0.31170825854482676,0.4647971844091834,0.630428410951224,0.7244644137371511,0.7003904781582642,0.5705745375841356,0.3954436734690723,0.18697143195433888,0.24305419023020391
0.31073942024263124,0.4620582320615973,0.6274923633386139,0.7246866980977009,0.7067975142017688,0.5835099634516598,0.41153069758164235,0.19426359393328346,0.22732059028951057
0.3074316376242413,0.45022542859456294,0.605618128511438,0.6956294629499533,0.676553215762765,0.5587366929700955,0.39702655658215236,0.19920910278166154,0.2420182084898333
0.30973583060841203,0.4573460182858427,0.6149583515100264,0.7003422254969152,0.6700969272159085,0.5401606467554548,0.3732675954458711,0.19488842519764882,0.2743612333134052
0.31089663212451696,0.4619085697136596,0.6248077033923329,0.7162066566339195,0.6904797443932303,0.5608291414154527,0.3880805619410049,0.1873952654134722,0.24861322589233714
0.3084464316009192,0.4542665798535128,0.6144083608462559,0.7098419209055714,0.6948818719103423,0.5775657433452341,0.4113797775850974,0.19790466648318247,0.24117667558195835
0.30927587500528536,0.4562372378613669,0.6147358756673753,0.7036507755431639,0.6786312490466655,0.552551917137399,0.3845626882178783,0.1891106987206126,0.24598753114746774
0.309712998942944,0.45952930395061264,0.6264086387326201,0.7304273172700246,0.7237479768930475,0.6113802847456764,0.44403328729204955,0.2117173495045426,0.21609419850457848
0.30864524366356205,0.4546594341308408,0.614065233784333,0.7072909215701461,0.6892398113653971,0.5695365989294436,0.403159413915833,0.19328628259957434,0.22115218467055298
0.30858467187544314,0.45451758839027145,0.613930581617683,0.7074056744362901,0.6901086585602147,0.5719229743454162,0.4078038705127862,0.201588024232069,0.22250143036938666
0.3116186872375332,0.46409731607080557,0.627840556394302,0.7184310285694169,0.6903168347725908,0.5580074438228476,0.38422942244102104,0.1891621126561309,0.26548531910929285
0.3085561353089473,0.45400527264230867,0.611663294213938,0.7016991420199946,0.6799728464709032,0.5582378282972715,0.39377959273365554,0.19871174666901154,0.2503010754154538
0.3117769240860193,0.46497970901633484,0.6304060343275683,0.7236434343074895,0.6984099098094763,0.5678691044299666,0.39340541976456267,0.1903900746526397,0.25462394627139334
0.311241398707432,0.4624215693099525,0.6233740887836957,0.7094440680397526,0.6759375619068381,0.5392941712457985,0.36428981824227624,0.1757938597049712,0.2584470288323258
0.31089220356194786,0.4614687643972302,0.6228162267211007,0.7112096866084398,0.6814250524944162,0.5478176503759716,0.37268986933066717,0.17452740879258852,0.24946342498680352
0.3107776248644056,0.4612419408729807,0.6230798560337468,0.7130028682810463,0.6855293571614484,0.5539825903249013,0.3793402636428046,0.1763403300188532,0.24080925587200827
0.31024845069368107,0.460296921379798,0.6242880786380967,0.7205533830720928,0.7026454140135889,0.5802394613480163,0.4098370781593524,0.19716200669489145,0.2457423772924439
0.3114966469163008,0.46387495825252206,0.6281129994146409,0.7200885046630129,0.6937835669547068,0.5625156664373296,0.387718426501228,0.18513315319477067,0.25286653677497983
0.3131858669587999,0.4694196922544585,0.6365478608219945,0.7275939259640338,0.6961852583340099,0.5583549715960114,0.3797675534093556,0.18422205993390872,0.26555679469605065
0.31022966953433573,0.45875601003113353,0.6166108340685429,0.7007289470211507,0.667746397784382,0.5346461088636487,0.36576270333704625,0.19022174427737004,0.2832890645293718
0.31054914356598806,0.4603791159056223,0.6209992991418765,0.7090458015877301,0.679487438008405,0.5465317379801932,0.3718077560389952,0.16979291530319363,0.21709698036800953
0.3075101859348236,0.4505651756101034,0.606286273544846,0.6962532742590082,0.6760076829032566,0.5551440789387352,0.38829487825417686,0.17947511504686886,0.221525937529787
0.31146235862532573,0.46420620704005844,0.6299991504983654,0.7250741632344497,0.7028503328272273,0.5752491786278497,0.40217865180007395,0.19665015912120928,0.26122010914223237
0.31053367918523567,0.4610202663796573,0.6243259865900322,0.7178019229274831,0.695548462728438,0.569476889602315,0.39884201651568846,0.19683948158254091,0.25975763519225925
0.3078181106699444,0.451487575115602,0.6072425834303223,0.6961636899008997,0.6746089448877074,0.5542298985182534,0.3917261061633626,0.19945763260039798,0.2522864427012808
0.31189711187533126,0.4646867662084809,0.6273487482704966,0.714336953017948,0.6805043088503597,0.5425316145358429,0.36603989422771266,0.17765140853143332,0.27011211913395333
0.3068911413180506,0.44858440165696967,0.6033965833729117,0.694164091318631,0.6770460508099589,0.5611698118638393,0.399633705512803,0.19459162407004904,0.2184259073752581
0.3087621397030666,0.45515952569151896,0.615391720311701,0.710064699382692,0.694062639650584,0.5767545755089526,0.41279196851134453,0.20696684120411787,0.2431607132874475
0.30789734566021615,0.4519083105203668,0.6082918617125752,0.6980391670391658,0.6773986448343865,0.5579440749993319,0.39630667089149285,0.20498046492948457,0.25563023776277666
0.31027745036732557,0.45986866375891217,0.6211948336429861,0.711420465007843,0.685329058840488,0.5563897778166922,0.38556246471312944,0.1911019060078801,0.265916651618319
0.30873287080040884,0.45311683971416244,0.6052101692503081,0.6834318277350521,0.6459923273875611,0.5111264307783645,0.34375183539741266,0.1775518198449482,0.2874251596989317
0.31013967205300114,0.4595584621440868,0.62169488861651,0.7146423728045912,0.6929095742563603,0.568170251644151,0.3988431421833368,0.19596795877180723,0.24681207355592552
0.30819643049221507,0.4528155029431072,0.6098551407080551,0.7001354238026248,0.6796315473976438,0.5594949489067429,0.3959574419172247,0.19840573138854467,0.2402657349643212
0.30823186533687147,0.45285994830449955,0.6099067770917567,0.7001989545328227,0.6794581509122447,0.558398208410657,0.3930590196885974,0.19244123695999804,0.24508291269948645
0.31146300820610734,0.46363552558017457,0.6270904541381742,0.7172984986414982,0.6882093421866367,0.5535908119671331,0.37556063730695793,0.1686917910175945,0.2292992530152336
0.3082097810923314,0.453319996569436,0.6120438105553259,0.7053583756566789,0.6883337089069705,0.5703336458431434,0.40582018590368385,0.1983469502790922,0.2288483732364221
0.3076540863902059,0.4503994652423636,0.6040955077032106,0.6900314243243758,0.6653933693124799,0.5429499698153697,0.38020532244032235,0.1909999158952269,0.24086625105016618
0.3108817814658877,0.46168354111659493,0.6238194185605097,0.7138067319510456,0.686561144461126,0.556398507914634,0.38527414505621604,0.19304885458345405,0.26491413303402583
0.3093660602129545,0.4563971895546284,0.614824414204233,0.7034544054931003,0.6776918257534366,0.5500029674375778,0.379262333229426,0.17741487808849263,0.23255081920619916
0.31014919439355176,0.4604666969641364,0.6262024848595864,0.7262877726814941,0.7135453722799039,0.5955736237364074,0.4263749301227412,0.20458792931001213,0.23249962317765957
0.3107525464622144,0.46098932425525807,0.6218777843546458,0.7099049949331101,0.6803181921061278,0.5480457379918504,0.37562814847507825,0.183308294370651,0.2532668763268799
0.3061731486595489,0.4466823848338679,0.6019582034988703,0.6964385519286695,0.6859745916221015,0.5773420592937993,0.4206050968511513,0.21478573425531053,0.24398357924973113
0.3102023115134207,0.4587250805002664,0.6167164272882604,0.7011357968478824,0.6685002749905662,0.5356030370588849,0.36669905917986917,0.19142609093083454,0.2913896566566259
0.30942100040010667,0.4577265285591036,0.6205740671573566,0.7176800953059941,0.7030659723582066,0.5855575720879854,0.41967338834179274,0.20697803186548813,0.22919345958201046
0.30772718426478685,0.45157682299842833,0.608993184240537,0.7017409769201877,0.6851237655385843,0.5680420091218317,0.40425116163351027,0.19752556175830369,0.23940280739709757
0.30940124224459514,0.4559732041556066,0.6120297759140041,0.6956103491654225,0.6633891646673691,0.5311039741203059,0.36120417048908493,0.17616023964963706,0.24963412497191212
0.3134343492207941,0.4696492690620424,0.6349441225352136,0.7213710698469538,0.6832558352935336,0.5390586290424655,0.3574365514943853,0.16857715806441367,0.26479797345356376
0.3085619069963188,0.4540488179063042,0.6120190851279385,0.7028435095887082,0.6821754203624248,0.5610713256165206,0.39593126004006585,0.19525661809770828,0.23535384287334163
0.31002154179666314,0.45841948484529244,0.6172634162173601,0.7040854168230182,0.6748800417425146,0.5447698236677383,0.3759717624779595,0.19178942467069973,0.2741195144792585
0.3086756162885919,0.4540958540814179,0.6109656407538596,0.6992572375269148,0.6754048338935287,0.5523304323770607,0.38836890611054703,0.1979822464542026,0.2466672241504881
0.30836996591171645,0.4542032646653462,0.6148397500010121,0.7114672157157238,0.698231538701539,0.5825621598687731,0.41704929896423854,0.19996610050788538,0.22690777976183707
0.3111284224697851,0.46323234919440065,0.6290992184128238,0.7257862179669686,0.7064416922351078,0.5814469593175973,0.4086502886289601,0.19497804197529728,0.24305047165075
0.3077390322282392,0.4508446090029425,0.6050723960669051,0.6913753317917547,0.6666124460665871,0.5434910092111368,0.379873157563259,0.1910379300638967,0.2526130775865796
0.30851894825281223,0.45387091899649645,0.6116685356168744,0.7023400135026981,0.6815288300710605,0.5602558591861854,0.3950122900909889,0.19560657721881272,0.2466623573942853
0.3083899271733082,0.4537253247944671,0.6123356526486475,0.7050182846939287,0.6869051744384101,0.5676409993526631,0.40212403922162604,0.19494619746068334,0.2320062573047341
0.31102676960510856,0.4621383220837351,0.6245608825230036,0.7144373988703435,0.6860016816862594,0.5527740792928263,0.3763023741985366,0.17140740782518998,0.23601802148732565
0.30827221614667993,0.4529237072511274,0.6094974385522987,0.6984607253529148,0.6758742932346882,0.5534800569968635,0.388333973867428,0.19097911842062582,0.23561900001874503
0.3064392902626132,0.4462146533711749,0.5967025909858549,0.6808158177108151,0.6567802297661218,0.5374367064913825,0.3794791357888029,0.1990916544208912,0.25618621379117384
0.3090672390509468,0.4558823782469913,0.6153835706474727,0.7071720609422634,0.6863895937670884,0.564100473503923,0.3972245981555922,0.19449579761621236,0.23771638879694768
0.3102171478711805,0.46043218332397773,0.6249496523934694,0.7220672508675722,0.7052773321410745,0.5842215846213973,0.41527147958177213,0.2039473726742447,0.24504457100320784
0.3083925498840778,0.45380282981056064,0.612539277679147,0.7054540426964285,0.6879901577642458,0.5701839776958548,0.4068863532662635,0.20175637353624262,0.21762877366932148
0.3063595428769678,0.4475469502703592,0.6040352373187713,0.7000637474276936,0.6910169399689069,0.5829724903583842,0.4251704792564302,0.21132706819440802,0.2146733570376028
0.3111048544492803,0.46265245587485976,0.6263851510902105,0.7188784665601339,0.694293697856641,0.5654334169354648,0.3927310803513247,0.19029261195658942,0.25015240475866063
0.3088389734552244,0.45534155738750137,0.6152315840570197,0.7087342215800221,0.6909393852672538,0.5720119410151377,0.4074181682191177,0.20229523006379233,0.2283512645003205
0.308597240756094,0.45521537237938703,0.6175440299185951,0.71691273766819,0.706923456768136,0.5937717995917774,0.42869200871763374,0.2061324163842016,0.22398200125529827
0.3103360737923893,0.46076026514273694,0.6254014843562536,0.7224599065745699,0.7054005913633401,0.5838851273566477,0.4143325555574419,0.20180653526657152,0.24139055865828316
0.31200530366499424,0.46543630033130395,0.6301325661696192,0.7210272485641263,0.6921664124196263,0.5581068505439278,0.38204918990581976,0.1837330166616072,0.26058733282776053
0.30892118805525987,0.4550420571633817,0.6127744479306754,0.7015268371646098,0.6770936526325388,0.5520433517796242,0.3850529988951223,0.19103728904290487,0.25528516038837823
0.31077628400219676,0.4616876789817835,0.6251432807647483,0.7182990027986936,0.6955042576371171,0.5692295663212881,0.3991722731641912,0.19911234532535554,0.25499972463910786
0.312311609077108,0.46705628202113647,0.6346446673467384,0.7299611489233061,0.7059073944580317,0.5750177540154154,0.39853619550471786,0.1898601900672243,0.25221674162004065
0.31368745286975214,0.4709195817194903,0.6384551742125354,0.7282977594832739,0.69369486838746,0.5511783272835725,0.3675662546280414,0.16592035104429045,0.24650187313927632
0.30791981911339084,0.4520991773379045,0.6094079480607322,0.7012303188801439,0.6831271348937518,0.5648700459996808,0.4011458663490851,0.19753954803917587,0.2366766858697136
0.31107505931579527,0.4636396777690117,0.631604392605389,0.7326152377348099,0.7191280327052288,0.5995488937426129,0.42932792089130645,0.209764276058084,0.24104324707701413
0.30919015826273427,0.45587967399368473,0.6138064427400941,0.701756576016501,0.675486963993509,0.5482610450086867,0.37982112440991705,0.1868934773957234,0.25511633519964994
0.30951547546551406,0.4570819988795822,0.6164176129060609,0.7062792525481849,0.6821640662884582,0.5567864149811064,0.38922551616758433,0.19438575171980835,0.2554678537342953
0.30711585754015885,0.44940975239521896,0.6050022670226853,0.6966182329680706,0.6805843883583894,0.5664695551196532,0.4078475040958206,0.2108509993379385,0.2460262780501785
0.30865537278015753,0.45494716193703405,0.6152909297969537,0.7102670975388455,0.6944678856149588,0.5768181042094199,0.41158945822381476,0.201298765079947,0.23153574157339019
0.31175106088766125,0.4642980027130684,0.6273478422408852,0.7161184969090721,0.6855919968246972,0.5516478048801525,0.3784506080832468,0.19017372986558817,0.27042717385429277
0.30875803830874227,0.4543738887113051,0.6114234933380458,0.6995506114555597,0.6746567717260455,0.5492602560713895,0.3820094643810293,0.18871832996731736,0.26330109578308547
0.30745259477346304,0.4497228802691929,0.602778020805084,0.6879397496669861,0.6624572943893688,0.5393313580894638,0.3765678302916579,0.19123416523457373,0.26033697216755736
0.30979494528063084,0.45820396236825933,0.6189716420743122,0.710572955202477,0.6876293027222727,0.561526283075936,0.3901677156130045,0.18128925957293246,0.2225707471934264
0.31036571373960076,0.4607853927332988,0.6253850172676737,0.7223646750420752,0.7049948864599302,0.5825519395283948,0.41113044547903493,0.19365275162737472,0.23072515994894788
0.3113087612003969,0.46263417594114653,0.623983039103863,0.7109161638861475,0.6786626032507838,0.5432521953982065,0.3690458297778264,0.18151078523844857,0.2746094001630013
0.31192016075933443,0.4654097389599635,0.6307875854243061,0.7231057077002873,0.6958849055887026,0.5626707840317997,0.3857661564686762,0.1823862541818377,0.25945054589927435
0.3076046104447538,0.451265735651068,0.6086814755354426,0.7018678204681073,0.6863701193076994,0.5712239457566441,0.41003991029077924,0.20756342705450273,0.2458989039448225
0.30739673428314257,0.4499915216300695,0.6046380416183598,0.6931431663346691,0.6722768729184029,0.5535858384369298,0.39327261659109886,0.2046026427240671,0.26245331392064736
0.3134868733814801,0.4709778375729154,0.6410267132155588,0.7367943240633651,0.71072104332369,0.576413017448424,0.39691661619918195,0.18645459719869217,0.23957136578259264
0.31468950377322186,0.4746155079715563,0.6457214279139485,0.7388854357469254,0.7062027995363636,0.5633909297928084,0.3771363748681196,0.16779761436073817,0.24449245396982577
0.30611181284039896,0.44559995850841033,0.5971672984373515,0.6844361631295424,0.6647975695197957,0.5487733915618795,0.3904321618123807,0.19809891201032823,0.23836877955646446
0.30833457156696154,0.45270218024421394,0.6075971484143999,0.6930055417301939,0.6660722006505705,0.541172083805599,0.3783327327108131,0.1996768592100273,0.27712248444490506
0.30850251797764855,0.45379902566241104,0.6112069009511534,0.7008838834667319,0.678696783992294,0.5564992046560939,0.3918607461321112,0.19874542005422574,0.26268634491936027
0.3082350945494535,0.45285742268691903,0.6098965526263677,0.7001362137166219,0.6791686257697516,0.5576279500392589,0.39179836453669065,0.19299697451330075,0.26572639344903165
0.30942457078000074,0.45728814721650457,0.6183602236432817,0.7119253607646774,0.6927260635250334,0.5714233524544138,0.40460158288616555,0.19918212448969128,0.233364030652642
0.3103270363461398,0.4610745056561752,0.6274194947337963,0.7283687446185785,0.7169439166830932,0.6009451858326793,0.43440558624273906,0.21788808648732394,0.248282008713652
0.3114378615043203,0.4640164348249742,0.6295727748640194,0.7245762244550085,0.7026288682441715,0.5755521312300491,0.40274283431056657,0.19434488497203542,0.24066106336543625
0.3138801052708415,0.47183677267885105,0.6410734038260202,0.7338628420692251,0.7030607799667172,0.5641330577707324,0.3827109682011054,0.18069954002254482,0.2635835679498184
0.3123440217945942,0.46648472198403973,0.631445861013083,0.721445730849996,0.6905361841860304,0.5541249024537513,0.3766105851192023,0.17944243958805778,0.25647372026864823
0.3105694704209492,0.46135532901754334,0.6256576344681174,0.7210444030781465,0.701176928192082,0.5767917420194087,0.4056223554992266,0.19428695253596673,0.2303151527386422
0.3094433707566109,0.45607739458354674,0.6120449634884849,0.6953006131612257,0.6627273647806036,0.5306140234304529,0.36213412374063614,0.1840998113215135,0.27547589769208775
0.3070038307060248,0.4489818602656231,0.6042304984576541,0.6957469150991673,0.6800873126256809,0.5669152444565783,0.40976205259252385,0.21627352370030012,0.25778958981171546
0.30637171666377316,0.4473010859086077,0.6030339433582308,0.6978109832305877,0.6871366645074949,0.5772883960070277,0.4178605034997474,0.20356069432123464,0.21826378767982144
0.30663201684932334,0.4477561151365643,0.602047896827966,0.6926673313350562,0.6760148626313707,0.5614523481943366,0.4024604375302184,0.206867480945421,0.26126166483050994
0.30826236635131327,0.45296865869193553,0.6097442922265084,0.6991556530951216,0.6774502610905424,0.5566140702534033,0.3938582646326138,0.20213915033058888,0.25227205714251816
0.30750036857223617,0.4503174903789993,0.6051545584054092,0.6935628193255515,0.6718921749105004,0.5511827371767384,0.3872680792204297,0.18887897422122307,0.23284817231557978
0.30880275211272135,0.4548355429851294,0.6130587344394215,0.7032903352892982,0.6812166660466126,0.558631032164473,0.39294880240799057,0.19478105891841255,0.23716335549507175
0.31041676639256083,0.4601566039402516,0.621717963735207,0.7126839309796795,0.6880916691295045,0.5611127081414946,0.3918090014495419,0.19543908726183662,0.2520597876494696
0.30738023617589716,0.44976590311056935,0.6035810778583195,0.6903715078358573,0.6672088599907838,0.5464382691160643,0.3849851677789375,0.1956379000058416,0.23976312559481733
0.308324130912391,0.45334086601062906,0.6111242637148958,0.702454685712043,0.6829665766906513,0.5631924237598522,0.3987363715071795,0.19605854803618275,0.22921346338449816
0.3113634404432313,0.4636561188689509,0.6284663600278246,0.7221445136654403,0.6986524378890391,0.570678179646409,0.39862181322342277,0.19671134968997955,0.25549410679428186
0.31087657936340424,0.46206578041908786,0.6259611103633662,0.7195299558343891,0.6965904302651722,0.5688177882593584,0.3952038501712549,0.1839488016747326,0.22315796928773435
0.30864712739825684,0.4538190352759122,0.6099838682547812,0.6970200500105542,0.671547778179651,0.5470142504986969,0.3825626641384284,0.1962809930102921,0.2645957033439538
0.3083356576489259,0.45272251609049907,0.6078058231130884,0.6937999394593021,0.667989434696173,0.5446345705794484,0.3833050383895122,0.20486604927553967,0.2710275051806538
0.30775636917086857,0.45059866382019975,0.6035102715271417,0.6869738294553778,0.658381074254934,0.5319911085915576,0.3674417335985185,0.18411751123621903,0.2520229708058574
0.3091588386115539,0.456530118979493,0.6175712295505372,0.7121231657580553,0.6949069670578324,0.5759392015246972,0.41096665921584996,0.2069641122140113,0.24791019335336292
0.31109544567664693,0.46288007730718855,0.6274728764984965,0.7213641317066193,0.6978832323545503,0.5685574629539297,0.3929561401559873,0.18204197364539604,0.2483336300846422
0.3107951479646176,0.4626594727531019,0.6297630860597969,0.7299527919568246,0.7156988197282952,0.5952121966448983,0.4236426686115063,0.20009921308561135,0.22375733238913922
0.3077882682899548,0.45146957344374894,0.607774739194252,0.6981020177297129,0.6782778920568197,0.5585239681645643,0.3939286241188172,0.190277344480794,0.22732323050000472
0.3069707416373287,0.447887404610136,0.599002273876021,0.6822610910889422,0.6558804433684309,0.5338125496290689,0.3743480309816543,0.1965244008865306,0.2570034120488573
0.3088172725886368,0.4551648654870236,0.6145418411294787,0.7070211595706001,0.6878574904401508,0.5678308702960188,0.4034075960280626,0.20486876689741232,0.25756730138742834
0.3118999228340901,0.46539265047787387,0.6308588856555856,0.723412075754078,0.6966352615259364,0.5640117953325348,0.3874427696251525,0.1811338647114395,0.2358409351321947
0.3076797175957915,0.4515097365146004,0.6089423657344363,0.7016282505065549,0.684798279059963,0.5674005677212282,0.4032968756838046,0.19597416201410245,0.23447893688128432
0.3060835896301879,0.44507750474451235,0.5949883732932716,0.6792054186897698,0.6558733280533809,0.5371922213151101,0.37910790634601244,0.19650879413486189,0.2573738248022036
0.30915982004859616,0.4554465215408079,0.6120138839048467,0.697585400029362,0.6689294432567633,0.5411243683339493,0.3754095224168538,0.1933577580036885,0.2590514540271595
0.3081731152567683,0.452727932369188,0.6096294328992785,0.6995515520603037,0.6782055368261385,0.5564952148883421,0.3906632012021089,0.1890722461589558,0.23429189125121896
0.30938058116498723,0.457586925103835,0.6205730915316132,0.7184340101564637,0.7053148492992359,0.5897778405444666,0.4258544761680771,0.2156956231347726,0.24224486553149382
0.31028667941437776,0.45964485106371217,0.6203385336233544,0.7095271127764935,0.6819327379267927,0.550873746521025,0.3772749995095767,0.1778335148907197,0.254787597947527
0.307814602114576,0.4513442803584592,0.6067500018021803,0.6951730067426884,0.6730728122139443,0.552132300013565,0.3889420738051542,0.19438639962204948,0.23907130133811805
0.30805704366218495,0.4527577947821919,0.6111936839887453,0.7047753955495195,0.6886476858976095,0.571786919788333,0.40811431230918277,0.2012334580365645,0.23789790789078671
0.3107272843388293,0.4616277443301511,0.625394884635467,0.7192366730646192,0.6970339834226773,0.5703776756844592,0.39820465199802746,0.19096944005897667,0.2440449477452408
0.31102416368762525,0.4620345144149469,0.6240887783441978,0.7134547948739343,0.6850413889714019,0.5534228240826164,0.3809711508671035,0.18778722710302295,0.2611159934455625
0.31057480611564287,0.46121991087187475,0.6249738548456761,0.7192638586689839,0.6979032456136477,0.5721315266799791,0.4004319596808453,0.1923840672132216,0.24393797181258267
0.3084178942368304,0.45288361292973683,0.60784828208535,0.6933816096563717,0.6666372904427252,0.5417865578863951,0.3784567674435691,0.1963997160645557,0.26261084431549914
0.3103124019250202,0.458861354760979,0.6160781176760578,0.6983934064796314,0.6625381286368458,0.5263388914321335,0.3553958796000104,0.18150058252181597,0.2851540350381218
0.31185788809419585,0.4665403684283158,0.637079043124437,0.7399375000681099,0.7266519167022639,0.6053578513012028,0.43192049912573716,0.2055859676267449,0.23004303615779784
0.31015421582583286,0.4582142405617331,0.6149845604407931,0.6972873096751854,0.6616854946870273,0.5251552608230324,0.3522383198650302,0.17016250729573518,0.26427951435948055
0.3056024363031538,0.4442194089891446,0.5960842361993134,0.6860195402957716,0.6711801685654193,0.5602213461118578,0.4046513842201215,0.20769017486503316,0.23673890911341863
0.30875441499996326,0.45409518037140145,0.6097992886810294,0.6951420292574297,0.6670077046380003,0.5401186342405089,0.3752306111829041,0.19449547361517763,0.270001481951675
0.30881261851662084,0.454882743061839,0.6131572114083402,0.703456441791679,0.6815438426792662,0.5593915038688664,0.3946696490101364,0.20015363342210057,0.2519207076740369
0.3091705732939628,0.45635634444398443,0.6165673668477997,0.7093972407825763,0.689864250548054,0.5688249005179917,0.40300285314494955,0.2015304691035859,0.2470191479148011
0.3109848696279999,0.46287695641447235,0.628764221161389,0.7259604229208035,0.7078040519151946,0.5847037374797801,0.41421581878829367,0.20323027723493786,0.2432724193455386
0.3086567097669355,0.45459510420599486,0.613426095258387,0.7053356855698848,0.6856786108282927,0.5652700991131119,0.4004675884723009,0.20027708797322125,0.24492638883483528
0.310589213306684,0.46146739156118766,0.6260726073746739,0.7220344226246694,0.7028379766345301,0.5788962463356266,0.40781509776751906,0.19752052177209145,0.24850670782972975
0.30571717088660727,0.4458103869322839,0.6025352767146459,0.7015471930778546,0.6981829367646709,0.5968543464644639,0.4444913895061039,0.23399516385899494,0.24557557069547925
0.3125834175282392,0.4681220145514655,0.6372221554390469,0.7347616707985858,0.7129590198098504,0.5831239528900061,0.40554478093546,0.19172069840072786,0.26393164792915097
0.3074664304131887,0.45060441443570604,0.6068855727851274,0.6982575399498739,0.6805618754678716,0.5634152747587124,0.4009161953215514,0.19715725572316914,0.22576243807853602
0.311438517233958,0.463412860701528,0.6263491877248097,0.7158081211819001,0.6861793279584791,0.5518685016744156,0.3754295897650099,0.17338812168604903,0.23377498536427582
0.310519054503581,0.46039434460384443,0.6215884002832831,0.7109858582291734,0.6831204292877711,0.5512275044980852,0.3762368467466706,0.17318780306824139,0.2429940594709558
0.30724490507621083,0.44968418403169597,0.6049367948710088,0.6954209511709253,0.6777394171939042,0.5623624549453051,0.4040100608164359,0.21303938359164465,0.2627858057085103
0.30945983712910946,0.45688078088210854,0.6159300151182652,0.7053319011731215,0.6806870617334044,0.5549097932611947,0.3871688686196356,0.19150323808177444,0.2430290724817197
0.3072927788895181,0.4496228585966987,0.6038730555411722,0.6919119164475309,0.6706699784525547,0.5518874021354485,0.3917984180951785,0.20304762857347802,0.25236388788839803
0.309336615725012,0.45722710676310385,0.6189724898849663,0.7141120350937199,0.6970044229819742,0.5773529626238071,0.4107405893846079,0.2018248658325286,0.23454831421031888
0.30969256642856874,0.45781941679943905,0.6178863174656342,0.7082031854553443,0.6837884059435788,0.5570557411956836,0.38709622665479826,0.18668754100666132,0.24190628048843818
0.3138329969662837,0.47164332372645346,0.6405317599482379,0.7326846510793391,0.7010197613358774,0.5611739972777307,0.37883716581247023,0.17404699874685037,0.2429285130789452
0.3105138198142521,0.46077683658401214,0.6236122673802521,0.7165244515207397,0.6938170271902913,0.5675385065800352,0.3969929258361357,0.1959251212715366,0.2622682243050717
0.3116326224680363,0.4641536064177924,0.6277503441485787,0.7177365832415974,0.6885409522908308,0.5550232641245081,0.3804804649835171,0.18631524647895292,0.2667000292878718
0.31409830256276783,0.4723283667274319,0.6412965327849318,0.732884887019021,0.6999823824466287,0.5585398392259018,0.37493940530739606,0.17183053066781004,0.25894085608589507
0.3087600892313056,0.45459313009265884,0.6125004154836319,0.7024582829950194,0.6803312168772759,0.558112201660681,0.3935517034535865,0.2010397522806592,0.26539481606298826
0.3100506647939746,0.45824537689346256,0.615946820286284,0.7002918647656364,0.6678601914302053,0.5353517301755388,0.36678617132638697,0.19106317494638927,0.286418674640143
0.310084948352404,0.45898784137509024,0.6194970413122669,0.7093966363478083,0.68369579234802,0.55534214429558,0.38419366829323337,0.1839578025941608,0.239537830909974
0.3089530319354751,0.4562658473906663,0.6187507848760029,0.7171370135594854,0.7054052437751592,0.5911630320070671,0.4273696139397949,0.21466358894986348,0.24752097699111592
0.3106614968562978,0.46083286510892185,0.6220238834260761,0.7109275185156405,0.6826979182311884,0.5518728854351655,0.38048977168122,0.18816249516904357,0.25656908145916735
0.30892491877940376,0.4545410775631474,0.6102396624853781,0.6950372780420584,0.6658168806144287,0.537504276910326,0.37103823191215185,0.1866499833646004,0.24958029945475488
0.3084040129667672,0.45386531515145717,0.6128402383721706,0.7062266438736873,0.6892018451426872,0.5713760145481908,0.407516516715668,0.20307566255534917,0.24165446231556317
0.3094549251555353,0.45684854534155855,0.6156166427315648,0.7042380799164948,0.6783923227803131,0.5515383296937176,0.38369295325554614,0.1922431981290971,0.2582347733943936
0.30830545511534446,0.45251910965005615,0.6069813186223281,0.6914728121969594,0.6629373386526434,0.535637036632826,0.3696613748823964,0.18472476058311596,0.2564353389048887
0.3082086783959429,0.45318164474647665,0.6115381618586011,0.7042801967408155,0.6865620281964497,0.5678633454018782,0.4028243892086803,0.19574718318159695,0.2321653688954934
0.31052907851025485,0.4608852476150268,0.6238304804301633,0.7166926084829248,0.6935958238193645,0.5664999230183918,0.39474008281117073,0.190967364677388,0.25361093356737563
0.31102163060984417,0.4627135174659966,0.6275425742137092,0.7223392308724149,0.7004893647934404,0.5731493032430207,0.39916583578150155,0.18785762618020366,0.2438024935191731
0.3120336921462397,0.4658204298592798,0.6317215407603892,0.7249009102295761,0.6989266812625016,0.567203606426832,0.3916555934214891,0.18862259541485596,0.2577894505376784
0.3119805527941748,0.46614904388058875,0.6339156277520547,0.7308335299107084,0.7092947444699367,0.580060856411666,0.4021856868758092,0.18095596475373965,0.2203627265805859
0.3088376425442219,0.45449238061948327,0.6110552109540958,0.6979583497771935,0.6716372540624338,0.5457827869402444,0.3801148721973504,0.193663030932846,0.26655107457824345
0.31107481196643183,0.46324897397942544,0.6296052530545174,0.7273381651062484,0.7094844506258353,0.5860096364116664,0.4140489468426329,0.1974862146767319,0.22667059487077262
0.30840386017582533,0.45353659406689156,0.6111710125274216,0.7017899570318561,0.6809660366773859,0.5595972305931953,0.39413823801255576,0.19474725414094238,0.2512447803649098
0.30876865411467047,0.4546703078269567,0.612422150591414,0.7015490200830498,0.6776813095216959,0.5529300650309837,0.3852952023091653,0.18578849425624344,0.23124574827150363
0.30919754111480535,0.45503945008459445,0.6096843212290916,0.6913594712234818,0.6575294520962772,0.5252093459757079,0.3580896374431383,0.18559648758804778,0.28164858325306424
0.3068861139262736,0.44906028305093504,0.6058122468536554,0.700542700806109,0.6889267997128071,0.5786750989795711,0.4214630933238373,0.22123802956800953,0.2679986148594975
0.30921704783462756,0.4558539636731076,0.613725245044946,0.7017387040594129,0.6754394023647645,0.5474906222358863,0.37701658685322953,0.1776628026291388,0.24146602993048893
0.31021692010972646,0.4599412884689843,0.6226728707620187,0.716378523120923,0.6951945676199679,0.5703071159016199,0.3998263560577729,0.1933852614495284,0.2448965281111318
0.3122794632665957,0.4662940671617339,0.6312861664979365,0.7215792406991322,0.6909478214523456,0.5541501141284444,0.3749041505627922,0.17121879873638413,0.23994883854840757
0.31043691435787035,0.4611871348628274,0.6265431781991965,0.7246818358952727,0.7085100515843848,0.5866510679772334,0.4145273278301582,0.19205945311245015,0.21930441601476103
0.3101864986379928,0.46001250413529104,0.6234758772453014,0.718860967776363,0.6999597123232354,0.57688845749225,0.4064216129899747,0.19367637904978,0.23070614031797942
0.31070226296647624,0.46176781126024463,0.626247284548862,0.7215970843853174,0.7017396507072762,0.5780560129538092,0.4090433150374773,0.2060642778879976,0.2589304850377497
0.30683231267377303,0.4479929688782151,0.6012380828727631,0.6894776730035204,0.6701434516279756,0.5546274675356196,0.39824390795752374,0.21490393896461343,0.272617640025078
0.30927282497923475,0.4569622799748344,0.6184208430940892,0.7132581331813964,0.6958275912133636,0.5756969745206366,0.4082033026199293,0.19602711328557368,0.2201098159790115
0.31222832930305583,0.46547205200559844,0.6276311262445129,0.7123586154933589,0.6746244915666456,0.5322236273128352,0.3523030363124264,0.16266886056744856,0.2545030354726564
0.30916974029024363,0.45633208670367553,0.6163918185068421,0.7088156848446144,0.6885618152261298,0.5665105920307266,0.3994229383199721,0.19489140426223545,0.23239344870359077
0.3108715776255944,0.4613114066501246,0.6222610526031819,0.7099346851429473,0.6792188905945241,0.5446696669017548,0.3686446520768603,0.16775823495303063,0.2284521910247479
0.3043888306432662,0.4395228134522839,0.5863122308414876,0.6708010316199026,0.6517143092275685,0.5392477606853173,0.38594107066658784,0.20179223433678573,0.2556818896792061
0.3072858915868737,0.4497222996334548,0.6046761631578718,0.6943352429161999,0.6752283484330713,0.5579855048916095,0.3976992348926107,0.20459272151222793,0.25687255162435757
0.30905156756850377,0.4557004043609737,0.6145292465252681,0.704850068769128,0.6819320173297431,0.5574919362784203,0.3893981188862187,0.18887684973769892,0.24289213637218263
0.31192552285222985,0.46565369968016324,0.6319690405720775,0.7263616170964456,0.702480002422514,0.5734699065618688,0.40065699010362205,0.1999725298917462,0.2614821097079412
0.3097644321886591,0.4579486896605408,0.617875666230991,0.7078327590861921,0.6830155048280183,0.5561378886613696,0.3865429177340475,0.1878769539554942,0.24384204191366904
0.3094609072703002,0.45844589101742356,0.6237756559285944,0.7257428402536878,0.7174033370439868,0.6051713957074236,0.44098733196194045,0.22125710773768814,0.2404191844428524
0.30936971493498666,0.45715003239778057,0.618298070603022,0.712153789595234,0.6932007948194918,0.5716151228064548,0.40363596658398077,0.1951948144577239,0.23412001142070024
0.30843133085069746,0.4540569602347689,0.6135720602663951,0.7080159842518082,0.692365544643361,0.5757098013049115,0.41229954541200553,0.2070806046592525,0.2494174721673555
0.3116931941158229,0.46442842041791577,0.628500735256756,0.7192235695473385,0.6907457748757491,0.5573996618070427,0.3819676484881733,0.18358383751008472,0.25913461975597946
0.3073050602287448,0.4493316690868837,0.6023694972062629,0.6878823862331955,0.6628915186051374,0.5398049523905172,0.3758981455429303,0.18444864409261355,0.2396889000453563
0.31088021728320997,0.4614599570246107,0.6227349559748502,0.7109996802966777,0.6814302792989317,0.5490436161606417,0.37653290924216576,0.18412929523160979,0.25147256423021025
0.3090792692546084,0.45520359832508395,0.6117024605699453,0.6972815161194049,0.66831693134535,0.5393312638960042,0.3714179310158565,0.18629090611870386,0.26950825202997586
0.3110384848716822,0.4625846172039291,0.6265401904542381,0.7195562754454238,0.6959013852884044,0.5684769484514847,0.3975850041613004,0.19712546471579556,0.24743847840919084
0.30645187655201284,0.4464733462188347,0.5977644091621799,0.6832409179014608,0.6605450192877281,0.5414616009839528,0.3816674750885765,0.19267536317499523,0.23856261171677295
0.31047673601163855,0.46053265416568084,0.622793131992119,0.7146234603643706,0.6903829903217967,0.5623922415196467,0.39032411870014444,0.18772273397266537,0.2530321843845996
0.30864011695196286,0.4540688574575882,0.6110245383510793,0.6993169258133894,0.6751063801060162,0.5511407106538636,0.3859423040898278,0.19493335145489946,0.2557427562876187
0.3120868677908107,0.4656506046760194,0.6301945602465114,0.7203256366106109,0.6900400071186105,0.5542069575263789,0.37654531084164383,0.17688148729453454,0.2529492428404678
0.3103394650620929,0.46019140704074785,0.6225859848310097,0.7151821331476116,0.6922836156594147,0.5657771931605524,0.39474581144506593,0.19194613533628205,0.2557315880658702
0.30892056651128147,0.4555577681446396,0.6152025119494859,0.7076259092625211,0.6878620121260439,0.5666169606350843,0.4003480436569845,0.19668120562733563,0.2352653002666601
0.31069306551797643,0.46045634673816505,0.6198441250867471,0.7052293675056267,0.672880626534497,0.5396945529719939,0.37004543698315884,0.19103793135160968,0.26997627069464114
0.3121369041022911,0.4663713799243192,0.6333374552555414,0.7281631734192768,0.7037139134873909,0.5721122342813969,0.39400893199484727,0.17937164604974215,0.23046022925128173
0.3097089226979349,0.45727235540238925,0.6151091840519646,0.7010697047327242,0.671107594856365,0.5398426295270348,0.3687333167517365,0.1762137004124598,0.2410919499095594
0.3084896613863575,0.453183204420941,0.6082846268233785,0.6934058879512957,0.6653168041780982,0.5381909217912527,0.37224853064258734,0.1884818374143461,0.26967611591575597
0.31239730901718793,0.46648506275398666,0.6311242596306912,0.7204508833181568,0.6883543667838756,0.5499881632712369,0.36959270774281316,0.16604603338852345,0.23896476479390702
0.30823606734289355,0.4537445183575955,0.6138493373749945,0.7098245693956602,0.6962751345875501,0.5814183688755854,0.41855050309142333,0.2101686108391292,0.24590516696044795
0.30870296932365127,0.4555126048734751,0.6172975233597047,0.7147385211610191,0.7020493500630801,0.5873986257369074,0.42423159836303764,0.2140664655315033,0.24109311579489218
0.30714975291521673,0.4497646330824444,0.6062896833511338,0.6994030178685942,0.6847505093825814,0.5707966228561995,0.4102609343488106,0.20621721007254962,0.24235644121264388
0.3083121604071187,0.45305786106407187,0.609843496825867,0.6991988818412695,0.677098759015188,0.5550317382100824,0.3897756207633258,0.19112887714179153,0.23576095120899832
0.3105088348617876,0.46090684680949817,0.6242204207311028,0.7179910855267363,0.6962530181970564,0.5704446702580841,0.3990328998559275,0.19090638716068886,0.23376170192612614
0.3117591268383806,0.46570805512773084,0.634127864774831,0.7333638772963407,0.7161185408986789,0.5927914130963695,0.4215143654182839,0.21020085883734135,0.2549151369615918
0.3048881153255757,0.44121025618903176,0.5887873750027017,0.6726572172053983,0.6516200917456726,0.5372239502508951,0.38381664809284993,0.20558665467121973,0.2624900604509909
0.307180223503878,0.4485197942775052,0.5995853043115056,0.6818022113286025,0.6537316031009699,0.530597526376482,0.37217445337374777,0.20218029929614512,0.2699373400200018
0.3116290091434531,0.4646025319435105,0.6302785295329212,0.7246277872544097,0.7010774669166119,0.5718110195044941,0.3970975648303168,0.18934156097801097,0.25038355966695947
0.3096886367758707,0.45784066887283226,0.6182835094141834,0.7098255183478068,0.6878626278721949,0.5648047342143215,0.39925308428719763,0.20557945258915636,0.2602521262617226
0.30968802720956473,0.4580202954623377,0.6189473355463707,0.7111094597199213,0.689440249008655,0.5657459943199821,0.39814973805996534,0.19755993143692197,0.2418998012322343
0.30976159328131436,0.4575589257532013,0.6159457280632493,0.7028277584692737,0.6740353159336735,0.543899738146572,0.37356669851560403,0.18127869840862698,0.24662467964855153
0.3088318669401655,0.4549330799681654,0.6134508887010562,0.7042684475708189,0.6826128054058219,0.5593520414850081,0.391099535823554,0.18490891594681677,0.22580809141987157
0.3045286970454278,0.4403388138362419,0.5887144472416849,0.6757652490034471,0.6597177914244801,0.5497573140266796,0.39729539573677125,0.20900080979128446,0.2508621815568902
0.3075778473511318,0.449567715393158,0.6005998842166294,0.6814766826731208,0.650915859274106,0.5251622549752187,0.36549759305675367,0.20016990809040577,0.2870129714073504
0.30845540321071807,0.45394080839420203,0.6126931633850309,0.705445953159672,0.6873437181993076,0.56810359717332,0.40267594205374246,0.1955271501840573,0.22981042948683744
0.30940728044589944,0.4568616045751531,0.6163786885442638,0.7067525213534338,0.6830708660027668,0.5572629531734931,0.3875881776161422,0.1842019261941497,0.2297799154881442
0.30795822124741873,0.4523776187286278,0.6103773988089628,0.7034849252341383,0.687091367490396,0.5704330179042063,0.40745040717767933,0.20128884249071374,0.22881399373540873
0.31061731996033437,0.4614700232570856,0.6259122535458913,0.7215566605187346,0.7018615179969353,0.5771459773808882,0.40485755266102535,0.19096525500239953,0.23379763403773268
0.312629490941776,0.4681680109426773,0.6367098774265523,0.7326798937509392,0.7083918037025666,0.5758276068482241,0.39600376791192216,0.17893565855773227,0.23486244068050657
0.30740507109546306,0.4492852203985683,0.6013014064412089,0.6847720859422526,0.6573937719864879,0.5329498487368944,0.3701948806976786,0.18846517355729892,0.2627196417516283
0.30904680952810576,0.4555932131467552,0.6142545550933365,0.7044974239940438,0.6816969410275174,0.5574938081295273,0.3894769467031817,0.18756018632426222,0.2342747592825578
0.31134175449813817,0.46325334181287653,0.6264303484390512,0.7165556857005186,0.6879948676016591,0.555065948466209,0.38029925079001725,0.18238473585583212,0.25368870250138953
0.3084058820483299,0.4524588303101085,0.6055581991561538,0.6870612640796546,0.654792942275079,0.5251186796572812,0.36038993982399953,0.1878597817682468,0.27514366020179537
0.31000479539977654,0.45768767234472785,0.6138567597747033,0.6954468542018702,0.6594704468098052,0.5236091748561923,0.35294246271512586,0.17760171380582848,0.2740256331732931
0.3115608507920823,0.4640887389681227,0.6283877071918803,0.7201545848367156,0.6933685225412232,0.561632590328,0.38692581292091965,0.18769120568620826,0.269205029603033
0.31178183461912806,0.4637823639652489,0.6243801510440105,0.7080354814312962,0.6705875527988732,0.5304138230824128,0.354645640186686,0.17430079815840865,0.2707618102335406
0.311578467315362,0.46340583769575927,0.6247315006091062,0.7104768676540066,0.6758833215292462,0.5377317836870149,0.3614164733482711,0.17290397782297606,0.26138622456000554
0.3065961426656385,0.44782043185179915,0.6029796220891457,0.6956258490189823,0.6816089268435446,0.568699190346315,0.408412947005771,0.20059833525148096,0.22879973385881536
0.3113871418563001,0.46452425789211277,0.6323742556620822,0.7318346515148736,0.715570366746503,0.5932372184026047,0.4218428747303892,0.2053504682575613,0.23617860990030684
0.30853317545775305,0.45339749079333025,0.6089986609865887,0.6951718047736434,0.6687007510846665,0.5434082963785518,0.3788035087688667,0.19356192213140563,0.26035302435266744
0.3093695059018589,0.4565116589350673,0.6151396195987332,0.7039892652989209,0.6785825215909178,0.5518008992529461,0.3831184897636654,0.18896788269155598,0.2624937566533425
0.30706713532609176,0.4498226161779204,0.6078921201614779,0.7046563403776701,0.694709052983849,0.5837094382962469,0.4213308600942176,0.20109315079827866,0.2226863450815581
0.312326390150653,0.4667603675722394,0.6332179879348216,0.7264682201255317,0.6999273081604458,0.5671509875953806,0.39041080336126016,0.18585677097898848,0.25378508347819234
0.31091141946025846,0.46127667639829284,0.6215218242552268,0.707597739014874,0.6749544381284461,0.5395946742313493,0.3656148339012712,0.17768227976500958,0.26604341291414546
0.30790364924483227,0.4520462105245323,0.6091194666151981,0.7003709385370583,0.6815926638236753,0.5631835510964487,0.4005094994244369,0.20182068540307047,0.24552098565131195
0.31119237044154113,0.463367311709383,0.6286567935810361,0.723469568646602,0.701053877405638,0.5728495208302711,0.3982110904310815,0.18699862883741433,0.24172627369822056
0.3066017833684982,0.44690456480012225,0.5981123334188307,0.6828060322899767,0.6589712894808962,0.5395022802407144,0.3814891710721809,0.20303619466265377,0.271249985419237
0.312549048163991,0.466865816269524,0.6311779812329267,0.7192263582086246,0.6853732934569733,0.546123235656515,0.36722173387874085,0.17290275019538798,0.2559488184225782
0.30776654536889947,0.45126852718471216,0.6068940458076334,0.6959761079499404,0.6750154436447264,0.5555502920622835,0.39390893545637773,0.20156224721880603,0.2480984892199749
0.31039308732418763,0.46101885715542734,0.6262462240550626,0.7244009874275312,0.7085759630355558,0.5875744014595093,0.41695478517790124,0.19880735858291854,0.23479193807754103
0.30947191511474986,0.45703879669904973,0.6165542483759341,0.706715086462452,0.6827033016611131,0.5567681256946592,0.3876252385179142,0.1878723754687194,0.24398454518170437
0.3092231980780626,0.45606483235239914,0.6142540468919268,0.7025688305580405,0.6768614888329114,0.5505288088896488,0.3832473566579056,0.19115920140220208,0.24850827452769372
0.31036090702760916,0.4590417969437517,0.6167985359587366,0.7003209440800541,0.6659604620407528,0.5304484512748376,0.35812742256697666,0.17595167028453715,0.2691295258684525
0.31301473958420056,0.469021742737971,0.6366665880446232,0.7294751008361752,0.7004705724079328,0.5639200656331115,0.3834213735307987,0.17478549411028008,0.23517099967759994
0.3105141892891889,0.46112040101815327,0.6251857267330837,0.7205326373776775,0.7012761021109043,0.5786626085813943,0.41071809529098363,0.20761697875093715,0.25225985433754444
0.3103577858495279,0.4600350558988438,0.6216118736541565,0.7126173092997671,0.6879361216192155,0.5605897592358032,0.3906182898525083,0.1930541492770777,0.251712387974978
0.3085534550004584,0.4543472889901678,0.6135326009696281,0.7068010098269248,0.6894781188725853,0.5716467026683701,0.408525483910376,0.20665673721532793,0.2417052780407611
0.3102772701193436,0.46011522587308307,0.6229401874576831,0.7167377863626364,0.6957758871181353,0.5714207341356298,0.4018792662292743,0.197560006397892,0.2488872042491005
0.3094244521980164,0.4570315181585178,0.6169971319584375,0.7081642241021435,0.6854760563453991,0.560610193066224,0.391707360088138,0.19030748288299407,0.24725175394471205
0.3065932733975915,0.4475935729272612,0.601558445838039,0.6916845684993,0.6747699935298073,0.560690726540195,0.40289519397865364,0.20663554625572877,0.22959263345350647
0.3088388376159294,0.4559740617600577,0.6184700614888611,0.7170918036244661,0.705456698931551,0.5904602068746404,0.42430150813818995,0.20278286472224022,0.2198020378202183
0.30742583020300135,0.4506020955164337,0.6075994032449572,0.7008346993057363,0.6858322370693837,0.5710018982229145,0.40894416281797974,0.19973669155265888,0.21963734598153184
0.30803247413578744,0.4531964936397221,0.6134945128084467,0.7107892917731489,0.6996581198207535,0.5874762067564124,0.42614870513598757,0.2140964123015613,0.2315305273387069
0.31026488391116114,0.4596583584499848,0.6205646228099968,0.710362780669293,0.6841455616232442,0.5555067541264112,0.3850616089446968,0.18838713591069503,0.24230324670638045
0.31050441899649944,0.46147397375220706,0.6273986410076355,0.7266893398040959,0.7123207508645666,0.5928106891843723,0.42352163082794736,0.208244030480245,0.25751609642797896
0.31194807273069564,0.4655176287208871,0.6312391243419645,0.724497476934175,0.6989898594432397,0.5680391664096424,0.39323846802713536,0.18989445531325563,0.25155356613000934
0.31100108159094325,0.4621194278918027,0.6245996428492833,0.7146820774188929,0.6869784075764492,0.5555784579143889,0.3823861467017524,0.18518517859978773,0.2509977681719268
0.31054190202827964,0.4602603309818388,0.6208850455963927,0.709478294335157,0.681280905863668,0.5504483415259894,0.37835978570634565,0.1819645340138795,0.24287225420498856
0.31011523652732687,0.4595379087014747,0.621906132560008,0.7154277407156572,0.6944289625019074,0.5700610661424123,0.4000581978783238,0.19213463458492816,0.22992835158692018
0.3072882078768944,0.4499270940269052,0.6056164958598514,0.6964680455197076,0.6781698510358221,0.5599939836154956,0.39601275150042997,0.19172721314112898,0.2426998864490312
0.3114713398105462,0.46358637661745694,0.6264841230609699,0.7152810205689237,0.6842089159216448,0.5480725788529284,0.3703192658998877,0.17015341255450506,0.24503252768450845
0.3084704956122326,0.4539965370768056,0.6126824457372834,0.705174880815639,0.6868056694291574,0.5677622127575277,0.40348610182628414,0.2007092990968628,0.23955824385542193
0.3106667436213577,0.4609587118612541,0.6228572375094943,0.7133403484592821,0.6870429372092564,0.5571757239963308,0.384372026424037,0.18347366549917257,0.24505848314590475
0.3105528747646694,0.4609196971980278,0.6239476042900017,0.7171949029959487,0.6949625614015491,0.5691067254772705,0.3984310014746578,0.19324904351238742,0.23826803909004068
0.30808613164618653,0.453531340859595,0.6145315057981446,0.7129144935029907,0.7028183619985505,0.5909359172101833,0.42873363775833523,0.21390151965718993,0.2392297433721609
0.30934473021797815,0.4568274266931681,0.6169862956522163,0.7091450569618062,0.6886247959288674,0.5671698093111175,0.4025656378446788,0.20847360515211266,0.26749888157345647
0.3080707254214448,0.4522274503244606,0.6082642608019203,0.6967693282165617,0.6735753335884637,0.5499086580007584,0.38238525311452853,0.17892592098230753,0.22127050842504395
0.3102034655997039,0.4604046200640989,0.6252207374648114,0.7230549878592338,0.7067558551601827,0.5846791614354562,0.4121061018699454,0.18979108724204757,0.23031744811786461
0.3074134007037193,0.4502984800457865,0.6062904632822093,0.6975391258221932,0.6797620372760552,0.5621913211242162,0.3988231655738314,0.19564497152972204,0.2497662734137569
0.309775352892054,0.4572612573190688,0.6143816318445359,0.698873939943498,0.6673934635019099,0.5359960501456456,0.3676620471901811,0.18831023698242708,0.27517246298652825
0.30691183656366283,0.4482260348704515,0.6012741812818759,0.6883940576307543,0.6666307131995104,0.5473700444544334,0.3862614713731165,0.1936107793018744,0.23764093819592066
0.3113586098458083,0.4639622892425244,0.6300083131775531,0.7259726272139798,0.7048950703617693,0.5776455226733134,0.40284085938483605,0.18732140667197414,0.23052693499557464
0.31144960837985747,0.46448544916583245,0.6313905892199152,0.728596316297465,0.7090817076645255,0.5836825808753168,0.41093793617359065,0.19868344685961836,0.24149542484097455
0.308409908749006,0.4535601672851521,0.611112491836317,0.7014291774933665,0.6801027664289953,0.558209328456308,0.39239463101747685,0.1925727254124697,0.24464692618869846
0.3115120425168499,0.4643017358420345,0.6300892906648856,0.7251219968250292,0.70275551536127,0.5746744420722064,0.40039135788424274,0.1897510423337276,0.23948319287416395
0.3058353761913761,0.44425624250230866,0.5934461559683384,0.6768587437068379,0.6526587950020954,0.5331555950481977,0.37462537694871306,0.19403716649553937,0.2696102041693623
0.31010178102402297,0.4596321428093056,0.6223351077155147,0.7162854617995507,0.695447035153681,0.5705701783644027,0.39926418474828185,0.1887432397556222,0.2322489235544362
0.31275198417770517,0.46799698010748253,0.6345148069243859,0.7260466820110667,0.6958453544398518,0.5583713394628016,0.3773640274246121,0.1691158064150155,0.23308305681416897
0.31015748466677057,0.4588578487947429,0.6180687620702783,0.7050637349266474,0.675235760731519,0.5429128075295903,0.3698246295660951,0.17494086770647915,0.25215420607939265
0.3087255020045841,0.45486985060378715,0.6139408100537174,0.7058839442777785,0.6857376355138344,0.5640636450157716,0.3972016843015462,0.19271151652657162,0.23648876297560426
0.30820579424668576,0.452357097471956,0.607574511134511,0.6944491230783886,0.6701023227988449,0.5480501129047048,0.38698028888461466,0.20598761326376785,0.272410163269139
0.30901946718552675,0.4546046837550161,0.6093368612887989,0.6916145754293236,0.6586016683047801,0.5265788192482692,0.35838688171972993,0.1795522011769157,0.2625412001765834
0.309098474182101,0.45502278974405674,0.6104774572577878,0.6937594426925542,0.6615880127858667,0.5296011788122574,0.3601910611641599,0.17718389679078944,0.261263717363133
0.30954972518864576,0.4563486792738716,0.6124664233003381,0.6959409359918718,0.6637683224131152,0.5322845936160672,0.36464467143165824,0.18854370832349715,0.28328852572812663
0.3099273366966764,0.4593559137341521,0.6229746529289439,0.7195613283472391,0.7028651917060074,0.5824107617533761,0.4141839368733635,0.20344877842974549,0.24499844230414244
0.3099739910797973,0.4588581985639435,0.6200235332274429,0.7116650864182952,0.6887079356305327,0.5634571852527983,0.39482551459181414,0.19548069303530208,0.2465296912770204
0.30944906571990133,0.45744095249430977,0.6188389599207674,0.7130053551183863,0.6947209088755895,0.5746542002849803,0.4094020385533971,0.20771556438940988,0.25007579766641264
0.3116654000941611,0.46403977970044136,0.6268662427105721,0.7151957483257457,0.6836412788020224,0.5476836790044651,0.3713564808442274,0.1764643925357247,0.25535013697622555
0.3128697000071755,0.46943373140837547,0.6404734706753962,0.7408080333599799,0.7222369304956631,0.5952678632986633,0.4191211154038307,0.20125218479254903,0.25048786457538985
0.30830060829603184,0.4536009475402565,0.6123739064063695,0.705325587777484,0.687389390693475,0.5680392109946866,0.402101197786638,0.19348465540385534,0.2280516735247354
0.3097940815656837,0.45800048474299093,0.6178303677939221,0.7073144700627519,0.6812223177339733,0.5519509244275956,0.3791497595302437,0.1775730385108777,0.2567601270317217
0.3055462471526208,0.44398345078565843,0.5954878125033681,0.6848158542612242,0.6691252000337479,0.5572313128016239,0.40101987657952254,0.20540103710412547,0.24588215470615127
0.3057918629825802,0.4446724318582271,0.596098787632715,0.6842808754699209,0.6665543006621278,0.5526743736726824,0.3956555094836145,0.20217208247600132,0.24070369812686804
0.3091729237866956,0.45632399264324947,0.6163273332084185,0.7086054546092804,0.6880918935755278,0.5657900512220737,0.3989082126864863,0.19859679301040783,0.25930996785929517
0.31327718596080045,0.46990440597743016,0.638097935262385,0.7311901733709308,0.7026835799617104,0.5679173175381692,0.39150061299926536,0.19497998323960514,0.2649820249510186
0.3107382378177985,0.4612710849477951,0.6234337208294586,0.7140331333854343,0.687779191101063,0.5582870064205587,0.38674024680787,0.1909573365248428,0.262157855068393
0.31109705740460775,0.4629735311363349,0.6279812289797984,0.7229248766695746,0.7013763248449846,0.5747909505421928,0.4021136265606754,0.1927408407947709,0.23990488034541782
0.3094343205622605,0.4557801668366777,0.610528325809067,0.6913070410668323,0.6556437754644365,0.5213924201154511,0.3533664649017937,0.18293697454317123,0.2793569700262438
0.30673432181103694,0.4484079488280609,0.6041847979460058,0.6975880297409821,0.6848800861990548,0.5745526104107149,0.4185321811552665,0.2195439805285229,0.24113929620822444
0.3097216913474945,0.4580324382624217,0.6189320044168495,0.7110597605596126,0.6889747584714728,0.5638969697662222,0.3938218698153561,0.1903040573402008,0.2583416583856288
0.3092293711823165,0.45704630845422844,0.619528746243379,0.7166719710870075,0.7021376326131988,0.5838552465849095,0.41566885801161857,0.19769010254750313,0.23378920875461448
0.3099380583131455,0.458057199991676,0.6163746734099433,0.7024263595350589,0.6723031465492613,0.5412386329968978,0.3714025169533157,0.18393285564999912,0.2522386041337024
0.3098793430314444,0.4590054050350639,0.621917456170176,0.7173900797115778,0.699319982872457,0.5775108869960892,0.4083257804145179,0.19809951424154282,0.247193564966897
0.3135409593133153,0.47027332661462845,0.6368199214420415,0.7250775511741353,0.6883407723557368,0.5434281854041424,0.3576837622288634,0.15491480756894313,0.24345993591435588
0.3082344372162193,0.4525097059416084,0.6077560526772969,0.6943477811210149,0.669477512433674,0.5470038509916814,0.38582994731434106,0.20365139054546072,0.25266800514273435
0.3082915764649348,0.45323556999218945,0.6107587360531576,0.7015527454634942,0.6815494999478913,0.5619945613943232,0.3992749461896365,0.20378168017847628,0.24712000625561895
0.3124633039381561,0.4674044593130249,0.6346929642210891,0.7288519262133775,0.7029593360214877,0.5702310562885968,0.3926349424535243,0.18364120970789827,0.23792108107957902
0.3116736826567002,0.46484872680496203,0.6306885129929786,0.7248693176924339,0.7007812960226631,0.57091826369781,0.395935735667469,0.18819521701469152,0.24252794041675388
0.3090291409526596,0.4562009778217706,0.6175875631233382,0.713606729056949,0.6989627680869879,0.5828653841228798,0.41977219517442915,0.21371812573207016,0.2430596507098847
0.30759961142118036,0.45167857876209716,0.6109994161393535,0.7082382846886104,0.698178001310163,0.5874949933184122,0.42675096086265124,0.20992040154020378,0.2084888341612602
0.30983241637922515,0.45757270457120597,0.6153059634591319,0.7008088296047418,0.6705052752795281,0.5399921734907238,0.37181192752500775,0.19097801842276693,0.27808787116378286
0.309430490469654,0.4579145064711883,0.6211792541113585,0.7186230647622843,0.7035377380636071,0.5839502038003939,0.4141310019787609,0.19336953776842375,0.22279931588133167
0.3116576544674511,0.46453413665244087,0.6294294194641483,0.7217991325394563,0.6950924162917372,0.562239638711294,0.3847304416327682,0.17704693030888646,0.2480244347802792
0.311788072004912,0.4650150140965336,0.6302190199936536,0.7225577050287161,0.695393742810959,0.5617943887814351,0.3833446157001198,0.17234703915325808,0.22660762472814086
0.30790161542263994,0.45218436404349543,0.6100532822916284,0.7032299271697171,0.6874431138198885,0.5723421678352859,0.41218399211202233,0.21385212268128637,0.25346301801549065
0.31080859069198863,0.46221534724008,0.6275094367004478,0.7240598340158279,0.7048495941303375,0.5797013450629175,0.4059797724119165,0.18986532851677887,0.24560929007003188
0.3078463732706641,0.4516081136958497,0.607625063520008,0.6969990012979806,0.6757971973560863,0.5550444115300952,0.39071684979840005,0.19078653881058083,0.22796919447994887
0.30952141075080325,0.45801132995065014,0.6209099885971207,0.717758658899505,0.7025717996088306,0.5844319715833521,0.4183969925129303,0.20878181437184334,0.24682385116390537
0.30939557674532203,0.4560332361198785,0.6122665716374582,0.6961320041342297,0.6643496292240392,0.5327782759243865,0.3639943249768529,0.18179334512301953,0.25860850883430336
0.31009428076153633,0.4591846569149633,0.6200819555785441,0.7103447548203963,0.6846790147836058,0.5559019480180654,0.3841339260614732,0.184723163868212,0.2545347953606489
0.3106226843491882,0.4613088141108248,0.6247139953696103,0.7180730341018342,0.6956924238882762,0.569973717732018,0.4006099101058794,0.20247893869225206,0.26490023230691895
0.31131656904759225,0.4630917219736335,0.6260130976741819,0.715829335495211,0.6869838094313067,0.553841140038291,0.3789447088911171,0.18105586818493033,0.25356692844478657
0.31237752248801126,0.46717433528099844,0.6346148473539827,0.7296424463265812,0.7055653166442667,0.5754584583177839,0.4007575365404105,0.19516046525956088,0.2456295952024353
0.30775432587163654,0.45120602671111054,0.6069989522621096,0.6967316322510063,0.6767673696789378,0.558007454276712,0.3959695451589401,0.1994414994894678,0.2401925468207527
0.3114216797550442,0.46394663787134693,0.6294102076180809,0.7241607790634685,0.7015014694879581,0.5729500639509639,0.39796539874843573,0.18680567819460325,0.24583573509212864
0.3081281658726361,0.45288236576954916,0.6109291366378836,0.7034703793201046,0.6860869678881873,0.5687435268052299,0.4062348099772287,0.2042795333681046,0.2357897300758546
0.30767850755741216,0.45122942178203956,0.6075549247398404,0.6981099872338041,0.678767751676764,0.5598523125533573,0.39658514635018544,0.196557255857342,0.2398552439314397
0.31029412017428637,0.45956740054225903,0.6199917469301864,0.7087499277188263,0.680688253652348,0.5493073179854019,0.3757243186720279,0.1775270680510844,0.25816848178277335
0.31008500422730917,0.45851226900494935,0.6173380051689575,0.7042894809091775,0.6755757235466109,0.546381305190039,0.3787658172305706,0.19630681205144296,0.2778373395322012
0.30993961326153613,0.4585835118333901,0.6192306151925567,0.7101943094161968,0.6866683715267624,0.5612924316117531,0.39328069377495467,0.19726054301474594,0.2566945472778632
0.3138750622708899,0.4713219965790914,0.6385762827236383,0.7274243529527785,0.6914684863190489,0.5481391940356014,0.36534584950603366,0.1709358531628825,0.26927569554278097
0.30905683063253886,0.4549689600984041,0.6109831743490449,0.6960055454232746,0.666874536342717,0.5385758494178271,0.3722462959039384,0.18942929315411264,0.26026260537606555
0.3111693305723543,0.4624390543308244,0.6245206294209087,0.7132045572427808,0.6828432165648641,0.5475833543972256,0.36981847937739337,0.16590758961557273,0.23501918881748565
0.31024294465173513,0.45892627731894725,0.617142658536716,0.7015334674472009,0.6680127663045873,0.5326733536225495,0.35933301694086184,0.17251287037658306,0.25975124813317774
0.31026139602023034,0.46038679066029403,0.624539719592679,0.7210291657173339,0.7033281627915197,0.5809132448813288,0.40988198423649,0.19262351547315326,0.2217696091751903
0.3098571784649522,0.4575798296167757,0.6149957118112064,0.6995181402713668,0.66721900793014,0.5335151915092826,0.3610936213841325,0.17211207608674445,0.25399878241537055
0.3094662610889153,0.4577746987727025,0.6205498682562192,0.7176017572579575,0.7030460794665598,0.5857703613358025,0.42041284881072605,0.21041172399173824,0.24523384970790618
0.3101697437717519,0.4599120357945851,0.6230639656650292,0.7177842374425384,0.697977492767471,0.5741572498978447,0.4036176356094055,0.19322568131917486,0.23603295629469645
0.3105549806432127,0.46037137831823294,0.6208701597245393,0.7088161025833749,0.6797606749138048,0.5488475436437016,0.37852488164086423,0.1896093540624504,0.25405299106464085
0.30848412536868663,0.45463854862634867,0.6158317915877356,0.7133667772186455,0.7015343382940535,0.587796007516209,0.4244836393909746,0.20975922480676462,0.22855059406219416
0.3084331205334033,0.4540749329235682,0.6136950116261478,0.7084005097099758,0.693104533484559,0.5766100960841497,0.41265779417815457,0.20294973858522558,0.2282776126862666
0.30487614532670393,0.4414319109292454,0.590284934424572,0.6769982111230433,0.659805998112857,0.5485381667119453,0.39553512720751466,0.20957978513418882,0.25591535178086816
0.3091434513899911,0.4555487221382649,0.6126520750375322,0.699109106451049,0.6710010942204402,0.5423831490364284,0.37394065423550676,0.18577256978001325,0.26566119815394856
0.31065213345534987,0.4614157862669847,0.6252731098301856,0.7197083251124337,0.6985886199313118,0.5730563407766052,0.4012422309595603,0.19026200619196199,0.22645439952919513
0.31032232897760426,0.4609349539608995,0.6266510452572365,0.726074433151694,0.7120487649618815,0.5925622929475766,0.42214447484901013,0.1996065086758031,0.22551686925195277
0.3143213285881992,0.4739991406991173,0.6470064417651586,0.7456507852349699,0.7212168718539277,0.5861875801272208,0.4031811912154688,0.18335153871919482,0.23980826972492794
0.3074249421164856,0.4505523372441551,0.6072984676743787,0.7001079107452493,0.6849744016880213,0.5711331774627578,0.4119032587114927,0.21155022639696253,0.23901809088026232
0.3057671293647769,0.4451723962093757,0.5990522683829278,0.692424494323325,0.6816374765734183,0.573591222784048,0.41788946183196335,0.21158262334006575,0.22413257125252942
0.30898778213952316,0.455013935798242,0.6121290936898772,0.6997563418755116,0.674234092549993,0.5489930996046736,0.38335489230722986,0.19435600993506377,0.256793926572791
0.3071409849144825,0.44872040522881335,0.6012652195547126,0.6866534847513713,0.6623773819918722,0.5412032564629374,0.38048527501122154,0.1966048339909798,0.26046076232151055
0.30936931936371254,0.4573572057422597,0.6193978091362572,0.7151961902078768,0.6991303580787219,0.5807196601432694,0.4152736843384382,0.2079015123415185,0.24395135356524936
0.30957732255199377,0.45692707055183895,0.6147178350241679,0.7009939034975704,0.6718570284195319,0.5420759784467326,0.373307884541283,0.18771928579028982,0.26991211397836795
0.3116802665184161,0.4644926909883426,0.6289787208702784,0.7206030658541007,0.6933636637580023,0.5610961223519182,0.3859110445545396,0.1845422491246631,0.24996963603701652
0.3110880531284754,0.46281678814299126,0.6271660995599416,0.7206093633232397,0.6967869453712344,0.5677805651747703,0.39356776821212436,0.18655107178702496,0.2492330411478483
0.30944572165123446,0.4563116734071586,0.6133012923159098,0.6987108915486719,0.6689933599964294,0.539140284826548,0.37065523779947385,0.18417823403757724,0.2524580571650739
0.309516005150348,0.4560867748796565,0.6113146928900636,0.6927836865437671,0.6574915079253426,0.5223371928199095,0.35126165542382803,0.17065395978261177,0.25677074997066845
0.30770507910054595,0.4509297928805092,0.6060698097453997,0.6947203042206263,0.6738717493677819,0.5556054677094977,0.39657150792869034,0.2114156392728437,0.26555498091989943
0.31233368566696046,0.46673456325034535,0.6328894796611403,0.7253767282461542,0.6977077322693388,0.5638417368114101,0.38651080226835166,0.18224098967004201,0.24727711957793966
0.30603735984040964,0.44533089808665616,0.5968627532659434,0.6845482865696261,0.6657489995192365,0.550569978603959,0.3925581354454426,0.19940710193438524,0.2428245775625798
0.311401381837207,0.4644155890284845,0.63173702770281,0.7301332938920669,0.7124260529783355,0.5887076614515244,0.41652228367953975,0.20097195580807872,0.23559654499620591
0.31032152893718407,0.459917110530559,0.6215151277599624,0.7125346704502602,0.6871866505535803,0.5575182234692869,0.3831199158768599,0.17663824237486977,0.24821797015941247
0.31232517903432655,0.46575862061703616,0.627984317460795,0.7126335621206774,0.6750719819419255,0.5337778173561892,0.35638163405726053,0.17313735496208793,0.26315379765484215
0.30904700680566105,0.45579510792024674,0.6149161594582808,0.7056430958127458,0.6829968205499591,0.5583949098566323,0.38955823140941515,0.1871141630500147,0.24304831689353174
0.31165663499678325,0.4640428837934255,0.6268853379384656,0.7151761186646274,0.6834799561955007,0.5472242724251537,0.370299225905627,0.17257914979910768,0.23929319595771018
0.3109282838342855,0.46267555928480897,0.628157459935242,0.7243418374944961,0.704277170188574,0.5783982328046335,0.40477832813722886,0.190630089313151,0.24139074594508889
0.3109135434200457,0.4626893230600094,0.6286819462972288,0.7264210750378695,0.7092004313944192,0.587117176325001,0.4173787992733832,0.20715507729044866,0.2529454299809081
0.3072632478510082,0.4497575477067391,0.6050272429562769,0.6953454172310353,0.6771445726145948,0.5607220991326318,0.4006133610744359,0.20424947954493156,0.24060509076922082
0.3093871339581859,0.45717602841780314,0.6180267725177002,0.7109504307884305,0.6904168076126863,0.567053398838353,0.3978649748392314,0.1905914957958848,0.2375603282605236
0.3090526439357414,0.4551540108560482,0.611758003529737,0.6977980627341878,0.6699346013979322,0.5427829031172559,0.37696542557905915,0.19186049625694246,0.2500943764256701
0.3076497721193847,0.45052220897066236,0.604780763673457,0.691796858517243,0.6683073202641311,0.546178450953016,0.38206180759787817,0.18656407140206302,0.2322047166674088
0.30975183451147026,0.45700597152419353,0.6130526677912996,0.6950943142800049,0.6600196785442044,0.5249754514685478,0.3542558823750442,0.17465657947792787,0.2555925625167761
0.3095651058665681,0.457826699407663,0.6195353413112679,0.7139428640705996,0.695699690404189,0.5753107859522337,0.40919312234255945,0.20426799203377663,0.23815362537416723
0.30925861983794084,0.45597890918760625,0.6135506614729337,0.7006702423216536,0.6735595969206066,0.5463193712394937,0.3792386310006852,0.18974716990457316,0.24513465796403053
0.31233294955849245,0.4655462045442359,0.6269433025076467,0.7100851131472423,0.6708594159104975,0.5287848119100288,0.3525878884044659,0.17723131650734628,0.28142000548748697
0.3090213912093981,0.45629813078829157,0.6180106316465203,0.7144783123183294,0.7000501532955804,0.5834026016950511,0.4184819219050885,0.20563965733311898,0.22153040849026612
0.30628055226620793,0.4460849427319108,0.5977873932464517,0.6847692820620657,0.664424965547312,0.5475889845238882,0.3888885051844689,0.19881898210332685,0.2504040003774768
0.3098108134626985,0.45959543782800233,0.625363061946294,0.7265937553151051,0.7161808463004744,0.6011928102654749,0.4345813187460095,0.21255161360581637,0.22347397346489833
0.3124929346241062,0.4673838536678254,0.6344073852237125,0.7280253254283114,0.7012766388026879,0.5673334789898367,0.3881400387660984,0.1756559174279629,0.22546108108430693
0.308475109508071,0.4537731046582435,0.6115268751841513,0.7021256213913565,0.6812082515040322,0.5598487057090735,0.3945722998699541,0.19483256504263433,0.2420312793470874
0.3080994480832508,0.45176320361245204,0.6052721065135613,0.6884604012460604,0.6587510796077435,0.5312262083355429,0.36660520007580066,0.18650191030249735,0.25401467559633295
0.3085604277816025,0.4528312229608494,0.6060008232715788,0.6874626153139054,0.6552621788398064,0.5259952433285633,0.3620383422269541,0.19056254412631254,0.2723185366594433
0.3091638909864621,0.45593202963619744,0.6146665206256847,0.704630891400813,0.6812123081542145,0.5563929887906334,0.38843807039988837,0.19086155550397715,0.2574176078482573
0.3118673889459674,0.46589471591262,0.6338677927521429,0.7316546055376312,0.711730146946253,0.5846662303083807,0.40917051231868146,0.19182561527628172,0.23664532534221236
0.3092733219290076,0.45644154793383007,0.6158722515631828,0.7067774626231998,0.6845201059305017,0.5610680192763111,0.394550952451288,0.1982858757986865,0.2578170643170082
0.30945110412830096,0.457424666391462,0.6187986860192263,0.7129166403799847,0.6944080257271256,0.5736848547019916,0.4071525336250055,0.2022009676808277,0.24309254873774386
0.3089019612530389,0.4547441644593862,0.6118472684924826,0.699866342722709,0.6750580307409618,0.5503961418258079,0.38458700146636166,0.19258062305616383,0.24923316935461212
0.30807843098691423,0.4519432049917794,0.6068185007959987,0.6932015410255854,0.6678284293571876,0.5436340053720308,0.3788094143616197,0.18748200683304425,0.23901603416277054
0.31032500534497953,0.46015383930666914,0.6226551772581876,0.715693598498422,0.693704775644736,0.5684862676021278,0.3987229492618212,0.19598604258346694,0.2493498566973713
0.31163441267381786,0.4640781335420998,0.627492835625443,0.7173433470987409,0.6883510646743084,0.5556316929960895,0.3824352874931315,0.1900132263813002,0.2619896836720022
0.3087519158825407,0.45526436159421674,0.615962562137116,0.7114697621527454,0.6963162113554284,0.579245900054681,0.41437524990441343,0.2045926487685806,0.2398604649429182
0.3091045997976942,0.4562119398376697,0.6168060708298865,0.7109419591397409,0.69359993974633,0.5749120691780276,0.4104407732657703,0.20614293825371371,0.2381323818890556
0.30927984050292684,0.45660858830254525,0.6165076065137483,0.7082086775123333,0.6869180033454546,0.5642685254401342,0.39792218839854093,0.1989754573017409,0.24646479808844995
0.30661855014852074,0.44762854076683944,0.6015262322464588,0.6913985993328575,0.6738482069890476,0.5586436423915082,0.39955848322486276,0.20416167745123345,0.2501452823418994
0.31150401981113973,0.46449479552009215,0.6311560442069061,0.7280353805653433,0.708289867329929,0.5828508467578475,0.4102128701176657,0.198054453170285,0.23980863893450924
0.3092087985181814,0.4564398200946424,0.6164515319159396,0.7087298129450671,0.6886416798026567,0.5677803562725785,0.40350690965614283,0.20717297212513303,0.25075672303940055
0.30910175496886066,0.455217680772588,0.6117078217719506,0.6974810775278185,0.6691628609458811,0.541344968822362,0.37477623045441133,0.18961486073657582,0.25718045490147917
0.3109899913210963,0.46145136402399645,0.6217042081902915,0.7076024520112519,0.6743647447400124,0.5376305440456319,0.36118921162484635,0.16666349647478015,0.2474486421410359
0.30881522666190486,0.45517836714211846,0.6147277395908481,0.7076263722719891,0.688939348002287,0.5688970822774828,0.40320004746475074,0.19759848538906602,0.2308029521824575
0.30961702465256735,0.4570317421230772,0.6148065897796001,0.7007865517445805,0.6707501053410416,0.5391116528518305,0.3673539840967721,0.17473704199932563,0.2504378122510225
0.3098843301961878,0.457578898457057,0.6147892203450371,0.6989605344681854,0.6664048813273893,0.5328932201777595,0.36135319356444645,0.17499579594257658,0.2568273195438556
0.31122577306329574,0.4632209022336415,0.6278861551529288,0.7217940189974915,0.6987523011028447,0.5708884797074868,0.3979186959720737,0.19121280181418385,0.24239271108704016
0.30990941741322137,0.45761769061447083,0.6146643460301456,0.698415984529426,0.6653665585633545,0.53170915286633,0.36079572421757006,0.1773956612417046,0.2610758892176795
0.31336267831619447,0.4698297809065525,0.6364907552986242,0.7256668120834298,0.6908830992747285,0.5488835282211613,0.3665982579265553,0.16907719256561884,0.25735200310198
0.31188762066908293,0.4651715312727464,0.6300553483009563,0.7217665571720785,0.6943900903655071,0.5621305205854717,0.3874245919113498,0.1872593247780845,0.2456743808877437
0.30924526815472925,0.4557188486185889,0.6125422556008173,0.6982860140216957,0.6692766995681969,0.5400018806168696,0.37141096862927175,0.18303019498912468,0.25302471118817405
0.3125837531541148,0.4671949359818567,0.6323469614556548,0.721912702904232,0.6900728573124922,0.5527802883154957,0.3749481832384883,0.17780727202605381,0.2440221965562424
0.31242647277955277,0.46778689844154203,0.6372253395169417,0.7360104538630098,0.716284845748517,0.5886517148438924,0.4121460926104919,0.19322527405716255,0.23767158555208076
0.31032049614253104,0.4600852274227083,0.6221757047448826,0.714398387678984,0.6918457647574808,0.5675853993217882,0.40141954851871425,0.21029224220474005,0.26992076956467653
0.3108528862413916,0.462476746149619,0.6282663861091266,0.7256256282770397,0.7074304184870899,0.5831469998268723,0.40943491963762596,0.18808565472770866,0.21751602136634826
0.31047337685414633,0.4602465787041304,0.6213953100126958,0.7110799774468438,0.6842701131413954,0.5545991042499683,0.38301211218934866,0.18634772787009363,0.2523155722220739
0.3126532750353281,0.4687603368608784,0.639396957900538,0.739578409931071,0.721105213202882,0.5942594196379858,0.4178562592606405,0.19729529145729777,0.236712958782937
0.31101755551491195,0.4621289190941498,0.624724670128391,0.7153510371064135,0.6888307694245173,0.5591405523013476,0.38765418902182136,0.1908286564102428,0.24534979018748884
0.3087274398881931,0.45513942562783577,0.6155734034718576,0.7106831921208585,0.6953182207632054,0.5787806439804005,0.4156857072874767,0.21180861873179166,0.2537620104802949
0.3139081888188092,0.4728653401973184,0.6457975289902176,0.7456320500684306,0.7234037876793985,0.5904567512985048,0.4079535039666426,0.18316165014362315,0.22993485045630732
0.31113525543267917,0.46302006456000655,0.6278457353485508,0.7222423500086025,0.6995996771884965,0.5712549374889294,0.3962242386014005,0.1825634643235651,0.2293921377454905
0.3108560019007975,0.4615155141330443,0.6234099362327119,0.7130781670770577,0.6852916031102945,0.5540224762956969,0.380834121927716,0.18236898395761486,0.24417844454160387
0.3108085066907392,0.46191670799416784,0.6259945774574179,0.7201514583275088,0.6979875052248404,0.5706586650786857,0.3966967452003659,0.1835232518025543,0.2273642349755174
0.30786079646475395,0.4511618315640589,0.6051670268379282,0.6905571398187156,0.6646570022355632,0.5413247208317132,0.3795526612485362,0.19850044839265557,0.26239515443936245
0.3120979339864796,0.4650573313872928,0.6271990379187057,0.7126411203623072,0.6764777527986928,0.5361047711022195,0.3578819761780002,0.16820461510305168,0.2528144920385506
0.31283101705267713,0.46848899560951907,0.6361564508468086,0.7298388552259668,0.7025855459710781,0.568166315668453,0.389493053622083,0.1826830691265378,0.24928010663153324
0.3092079493285991,0.4559151319358216,0.6140170671282523,0.7025998519090103,0.6776363486811197,0.5523427900875615,0.3861088734041679,0.19603049199918432,0.2623001898094195
0.3105900865765415,0.46169335537861445,0.6270876684423556,0.7245389178520901,0.7072715766046399,0.5850358246453209,0.41458674293260367,0.20099475388396137,0.23956403050708291
0.31063370615357033,0.46235676646326046,0.6303152266552903,0.732914986803693,0.7217860352275663,0.6030260414078745,0.4297709344270596,0.1964561386503503,0.22858274489889976
0.30726452798797244,0.4500800718549362,0.6064718016735803,0.6986584632965872,0.6820797388392964,0.5653994656514881,0.4018729410923003,0.19375356408837485,0.22850951333780373
0.3095647447869988,0.45741869629891,0.6174164585242593,0.7082050166198375,0.6848246743889301,0.5592703576368402,0.389908896514794,0.18724462001936307,0.23255396721611604
0.31273886653431926,0.46723913037372683,0.6310623030796062,0.7176608492075992,0.6819433027472459,0.5417634645704427,0.36443082345114364,0.18092304587399066,0.28604390019025816
0.30972244384778236,0.4580506601172888,0.618747308471841,0.710295710652013,0.6875741783227984,0.5624597748941832,0.39323819431259976,0.18983578618344202,0.23104658674437759
0.3130023900468533,0.4690551872801081,0.6369774980025429,0.7304496705218904,0.7025434952501175,0.5674583188176371,0.3886862424139462,0.18367984867829784,0.2517417945148943
0.31124168408761105,0.4631002785495182,0.6270947226702619,0.7195136587946429,0.694233268137926,0.5638508055411707,0.388744485371899,0.18048966307119516,0.2322212937758285
0.31241936150688626,0.46728645613993613,0.6346432859905212,0.7291652098780934,0.7039147765236734,0.571902058281047,0.3948322021447732,0.18612123486413434,0.24210799378888082
0.3090653413732081,0.45568399846415436,0.6143161892594267,0.7042154139743857,0.6807150558217056,0.5556852884394867,0.3871185022057673,0.18577930791418173,0.2350061646153156
0.3085453310550411,0.4549795235848127,0.6167833951534331,0.7151598597331733,0.7040030822120912,0.5902757534640333,0.4261426771928062,0.2102199993921763,0.24219701719342335
0.31105458177357864,0.4617995217582329,0.6225335402502705,0.7089849406175998,0.6762961665086689,0.5401803678028758,0.3646401555775541,0.17302739862628722,0.260385453300397
0.31145404289510104,0.4648072308046493,0.633303354503784,0.7340138282373366,0.7192128760838232,0.5976199081002814,0.4253405717503407,0.2039205599971503,0.2366913538474489
0.31129414490886853,0.4632528927280068,0.6270311890862061,0.7186372176893187,0.692228512966141,0.5612769119514779,0.3871146413281064,0.18431774182998595,0.23867505222911273
0.30783077383994994,0.45118215024177916,0.605759013754799,0.6922951135468705,0.6671398680559063,0.5423193172862815,0.3752113417818295,0.17681731635000894,0.22851549705811516
0.3116994901037364,0.4650124097077426,0.6313425177690631,0.726649473137391,0.7044460153618124,0.5770927156018579,0.40492864499983844,0.20199382253147313,0.2623486002836076
0.3086991295291777,0.45515243817687134,0.6157641881070438,0.7109976017603693,0.6952578724730968,0.5773605866207808,0.4117543754008632,0.20252242522630232,0.246598350012812
0.31004357324766224,0.45915763915101443,0.6207202627702453,0.7127172087592047,0.6895648921764572,0.5630075241618396,0.3918731695403003,0.18854850645282403,0.25401604707906233
0.3087478518185814,0.4541976381056741,0.61034997995384,0.6965029032332433,0.6691639349609971,0.542357217056368,0.376187650570007,0.1899706269944358,0.26029203305013665
0.3146573809688693,0.47471387572576534,0.646592286270907,0.7415203514018794,0.7114769758304568,0.5715121649059549,0.3873340164625462,0.17754953938428703,0.2464897375386758
0.31112655387160254,0.4636013154274606,0.6306386518751526,0.7293072334682024,0.7121952175116067,0.5886459361467705,0.41533379925124114,0.19388128714189354,0.21980408263140833
0.30979931698730584,0.4587452424785049,0.6215035139707111,0.7170229184911168,0.6993705520806258,0.5783931600399683,0.41021608097598267,0.20018752641808804,0.23836306343474695
0.30777416943462543,0.45090971731643437,0.6051163220687718,0.6913919586664432,0.6666842063079094,0.5437452639805531,0.38035174387494614,0.19115765401772603,0.24705153858260087
0.30831141648377824,0.4544798881987629,0.6171153781418045,0.7183078706912042,0.7116131077084196,0.6021430176261495,0.4393595160251376,0.2128399107477508,0.20782486771168576
0.3091033320371155,0.4565077003284095,0.6184164340644747,0.7151868504821123,0.7009837318976855,0.5841713548402723,0.4187027676582634,0.20699525865616344,0.246114475964389
0.3099833316427415,0.4573802148800074,0.6126793626185466,0.6926596602924953,0.6544789300601108,0.5162977678077127,0.3439098639800134,0.16911580111850152,0.2759193684987708
0.3065978173855136,0.44718710608132506,0.5996707651112021,0.6869929610798603,0.666486165022175,0.5493438152178918,0.3906644625601697,0.2013838051973206,0.24772350333650497
0.30788306673380367,0.453171662000804,0.6151189376690321,0.7162818297409218,0.7103495754096639,0.602306220161696,0.44149633571688524,0.22059027820614463,0.2350481831204389
0.3075517826613526,0.45025580734595255,0.6040905062784914,0.6902377770187232,0.6658041321895347,0.5436828906050164,0.3816942091434172,0.19574176301828447,0.2538556697964995
0.3114863586201458,0.4632755313191736,0.6249499148447095,0.7117375487079718,0.6791597487007525,0.5441801300938122,0.3721344231204835,0.19222024192144713,0.2874287418551761
0.3108340847120205,0.4611507905333325,0.6218001443074012,0.7090824129791319,0.6783823226619556,0.5450371032379991,0.37195760224005503,0.17895883010767524,0.24085729590221644
0.30747658492086516,0.45013246788674577,0.6045836672031196,0.6924215736660662,0.6701891617644659,0.549208742341159,0.3855476442130747,0.18882057364397417,0.234346094776747
0.311394021703988,0.46258622581109643,0.6226087519882418,0.7063459693488018,0.6694915561391678,0.5297608904256064,0.35357487016581357,0.17055424808456873,0.2706541373381416
0.31054186821036117,0.4601736821704527,0.6202194373678646,0.7074264590542095,0.6773345033282477,0.5451580917616923,0.37372334567845067,0.1861393748448795,0.2706874388646313
0.31045711724018504,0.46087850323210505,0.6246865453310475,0.7196642759533861,0.6996375822629484,0.5754258669071015,0.4048690689764867,0.19664681193630465,0.24644426983391537
0.3114485743066308,0.4647294448814565,0.6327473689951152,0.7321717917036196,0.7151664994038053,0.5907925678316365,0.4158109738419879,0.19153124546886677,0.22402642808909817
0.3068185222626293,0.44772711669019855,0.599826574776897,0.6854217752434518,0.6619674734203814,0.5416968178721184,0.38124007196654197,0.1952904046821568,0.2558178340654624
0.3093972279830883,0.4579632199074139,0.6221640522198656,0.722040101427527,0.7106284039777259,0.5946273347130254,0.4265415560836924,0.20183827169532187,0.2226536951080244
0.3090173665260247,0.4556623958170725,0.6147990671624787,0.7060073038557183,0.6845814765852736,0.5619257630655418,0.39536049831815867,0.19541738787899612,0.2454001962008504
0.306776220572312,0.4481116087825617,0.602060473493766,0.6912842964276389,0.6723265007990776,0.5553581477077099,0.39477816610180305,0.19838631350315566,0.24249934242977428
0.3096690685785439,0.45802994083887255,0.619343287443217,0.7124036000210343,0.6917890059854119,0.5685697934658902,0.40039087051916633,0.19859351613961357,0.2608477738196882
0.3121029406899242,0.46631068450159646,0.6332663925769785,0.7281611119059113,0.7041625616327227,0.5738796540505275,0.3983058511757955,0.1899650383825777,0.24319258406689392
0.3076486877434295,0.4515360400147876,0.6093996289334755,0.7030416385335445,0.6874897312960794,0.5710932771322201,0.4069102903551928,0.19508501380524873,0.21934446423450604
0.3108904243108749,0.46247279656056284,0.6279305415918841,0.7248070398116617,0.7066844672585887,0.5840651760564456,0.41430705632500275,0.20346647303226975,0.2350631504242236
0.31283833597999317,0.4677860067681219,0.6323743438953646,0.7197077668410565,0.6841667962049702,0.5431254246125694,0.36369527716955113,0.1744687080566937,0.2740216480605826
0.31058709847548116,0.45997047410316033,0.618929374440539,0.7040325386399928,0.6712603820339836,0.5367931328830315,0.3644991948759209,0.17995809961501996,0.27055871765172373
0.31006659842634465,0.45725561694442446,0.6110355376420821,0.6876053778390808,0.6448416926731186,0.5028958537597374,0.32977492281977583,0.1625393328264284,0.2761955199521495
0.3099496722637945,0.45868456387892886,0.6193218017429409,0.7098311738519606,0.6851884496421122,0.5580963387179404,0.388042634742678,0.18832510140463574,0.2414492433689154
0.3060408481017233,0.4452435054732896,0.5960871282793198,0.6821175835663303,0.661097752993064,0.5443653402842616,0.3868779817221035,0.20058561483282555,0.2510277120185608
0.30998072290473433,0.45847532662014895,0.6179971940843367,0.7062351814638125,0.6786231710585864,0.5490016244206061,0.3780914500744376,0.18180242043275877,0.23818427963924851
0.30596478830123225,0.44493948799445615,0.5958024316842745,0.682629836294181,0.6633204181170296,0.5486909738875676,0.39268996442106924,0.20478908995087253,0.24427677731094113
0.3096603900630781,0.4577028359651621,0.6177959307959884,0.7083590305468103,0.6842074738663154,0.5572232366062564,0.3859194930823273,0.18029995251960118,0.22937090869149218
0.30999631751931683,0.45898945156788135,0.6203095089939686,0.7118887357119505,0.6881780888412278,0.5610001485656102,0.389117933730427,0.18275706873539288,0.23339989940757958
0.31152794923566646,0.464962391145509,0.6331015177822042,0.7326345192778363,0.7159423259173711,0.5924587337275677,0.41931693270049414,0.20084941138565293,0.2434023092502703
0.30991737358716154,0.45817864849216255,0.6173393026173563,0.7051505692654698,0.6770123251832209,0.5466811336085151,0.3749632475256299,0.1787605318111213,0.247189723665491
0.3108992303730722,0.46150860958416984,0.6229624303938569,0.7116645658391723,0.6825685605464318,0.550082532695406,0.37617887753003576,0.17746181269143654,0.23397001127834832
0.3080234544121857,0.45290457371443454,0.6124302658453429,0.7084471609153583,0.6956408975676357,0.5815887354259346,0.4185419591130738,0.2055821249637194,0.231430402015373
0.31013339328326456,0.4587735411228569,0.6180044914116738,0.7053827953928157,0.6766815534720353,0.5464552679446277,0.37615375971363313,0.1843283140351711,0.2467800454870704
0.31164146856972597,0.4637248937627049,0.6257959218605261,0.7130854913232701,0.6808696556704554,0.5455974426651353,0.37213955287996353,0.1876464162912141,0.2822996836569218
0.30908368484587684,0.45629265834383326,0.6173024706392675,0.7120722944191517,0.6950728685287824,0.5756898072597805,0.40895720632449767,0.19801072153713153,0.2279481784228298
0.30819736715809026,0.45262371817799363,0.6089257096692504,0.6976598663632845,0.6748217050622922,0.5519846869848455,0.3861844110448781,0.18871221613893902,0.24459357027716988
0.3110728985698359,0.46182468817572,0.6224767641444405,0.7087689516239599,0.6760000391753838,0.5400858799055621,0.36504332343753537,0.17355693354308596,0.25141212154740805
0.31189163614434046,0.4653836286863279,0.6310211988368272,0.7241398923283086,0.6984514748060384,0.5673978335526965,0.3927095572758232,0.18995612273583717,0.25016817853246354
0.3146525854486944,0.4741450834830928,0.6438399283083373,0.7343801705643935,0.69840683090443,0.5529120421512747,0.3659874902252125,0.16170448074268487,0.24719340895481917
0.3109699791219367,0.46232144521109875,0.6260333447945157,0.7186541656155087,0.6939864941908487,0.5643281404837113,0.38985538421384613,0.18353486993596319,0.24815359774730156
0.30910886306750396,0.4558403638789492,0.6144191710796705,0.7039459551553318,0.6800748534097204,0.5555019457608579,0.38913055415935954,0.19635261495474252,0.2577255786322967
0.3099667474740305,0.4583896217550627,0.6177862707094955,0.7057983913447241,0.6776706343709427,0.5469996823990837,0.3744715287434927,0.17563839724402022,0.23872764373703462
0.31102973549429674,0.4619336233317755,0.6235696581388385,0.7119622005503257,0.6817490262732226,0.547325653515514,0.37117708838949415,0.17133411069229826,0.24439304634516756
0.3105051430370275,0.460310081359883,0.621100909194194,0.7096687434004125,0.6811122023800545,0.5498141104354982,0.3777308524039405,0.18437919305970335,0.2574620351759399
0.3100704650588483,0.4592178994775883,0.620716695269424,0.7125438400929066,0.6892857441771176,0.5629063979329183,0.3921875069472911,0.1879599920612158,0.23693773450447939
0.3113256794742018,0.46345252986203833,0.6278826787019387,0.7208400094642775,0.6961089666174449,0.5662088836830526,0.391503279771834,0.18402583565950584,0.2381028023177207
0.31019300640076414,0.45925692324248735,0.6195688406561976,0.7086075222280734,0.6815455087490863,0.5520565543073108,0.3810223025366746,0.18612863996458281,0.2574307557078132
0.30991257240588843,0.45903957092845454,0.6218124341060974,0.7169838903767977,0.6984913875796528,0.5761378174511289,0.40610419015391497,0.19218798968483117,0.22569236845435112
0.3085044792668331,0.45456396540319133,0.6149996408255325,0.7106602894247941,0.6960406174823078,0.5795844823192509,0.4149274357358501,0.20310488280506653,0.2291847510990895
0.3053420042373951,0.44323280819278293,0.5940733744234574,0.6829600456174323,0.6673766932457892,0.5562520099043836,0.4011704828232573,0.2058014179100524,0.23357803360546395
0.31358023856761236,0.4713342903192396,0.6419142074662718,0.7384118450187179,0.7127424485318923,0.5776713684758877,0.39568457211956165,0.17870063920527193,0.23688713105343331
0.31130643237181477,0.4629826768888641,0.6256774936535925,0.7152295256170347,0.6862992464276099,0.5535064970164838,0.3795368079080056,0.18415912175105859,0.2575781985794614
0.30686123320853775,0.4482173743257688,0.6016635927693363,0.6896387534733738,0.6690451984034489,0.5509429899919911,0.3906611690983733,0.1985785501066173,0.2455266239431102
0.3083630986207936,0.4530249585658911,0.608880459743114,0.6958894675035839,0.67030033477981,0.5449419468876122,0.3785572383756119,0.18761683166584261,0.26015700348623144
0.3107087661228515,0.4601205945860012,0.6180889368864427,0.700511445134531,0.6637956273970804,0.5257212719966997,0.3520703998310345,0.17227685938288437,0.266696241605518
0.30807371336397443,0.4520496263351473,0.6073268674366203,0.6944306780863941,0.6699118245575144,0.5464459991081134,0.38220320730103713,0.1933898508935459,0.2618321749798178
0.30912606405824805,0.4568070546039951,0.6192562893592806,0.7167500328328217,0.7036429632593665,0.5887987497981356,0.42660141494457043,0.22265316554686393,0.2637295974185465
0.3109439539625735,0.46233234705530346,0.6264945362020181,0.7203053001195868,0.6975599526655569,0.570092763866708,0.3973088567326801,0.1907342738574886,0.24826421277210126
0.30581180849757467,0.44507814549195657,0.597956705018553,0.6890750632649616,0.6753299986109045,0.5651212992147925,0.40975773345709726,0.2115708010235285,0.2359938248691734
0.30822082277451934,0.4524897833119649,0.6078632987378773,0.6946610794912628,0.6696551495451646,0.5461655738481483,0.3830849538522134,0.19963488679239305,0.27483883761894634
0.3112155310645354,0.4623784795681718,0.6238624850743647,0.7114746074900414,0.680161058712774,0.5450732852078415,0.36947316358390797,0.17375212598569076,0.24961655822699919
0.30965696570506324,0.457376358327184,0.6162310144002969,0.7045908217137753,0.6783801572968603,0.5515187848800297,0.3843560042617297,0.19493061618417953,0.2567286507399375
0.3069863867425686,0.44745082089236315,0.5968210006515071,0.6767451054794278,0.6462273185732835,0.5210055804561725,0.361353166048759,0.1925771678157417,0.27105926298006133
0.30840762791627707,0.45317618122163833,0.6090024923153597,0.6958790585104291,0.6706814105582335,0.5472419325654787,0.3848685540307043,0.20260226007594623,0.2639019729461209
0.30994558331015726,0.4585986824401904,0.619184129336609,0.7099289770536926,0.6859967175822842,0.5600357012452951,0.39120042888513673,0.19231869847477295,0.24084705178909557
0.309759227330248,0.4572890081073577,0.6147717604108869,0.7000058522125838,0.6691924072892959,0.5375128791700543,0.3671940587069479,0.18109279914517337,0.2669034448938624
0.3086886331171006,0.45442158740757005,0.6123528169506369,0.702433436886124,0.6802036373458233,0.5570773056535038,0.3901925427400154,0.18946649059444212,0.23799643254013594
0.3121086943128699,0.4655829510937879,0.6295966828201192,0.7184998100826879,0.6863372779319168,0.5484256489419786,0.3692180725101351,0.17024511467826411,0.25604105026407026
0.3093714918442899,0.4561842966420621,0.6135072309182976,0.6997825407439635,0.671049348918036,0.5413759492092383,0.3713219521170576,0.17759435773175072,0.23777417917341084
0.30946096061758677,0.45768115640942986,0.6198857484611692,0.7154181743387611,0.6982753595406319,0.5777912677740967,0.4095066353907103,0.1978318617771042,0.23957879558136128
0.3114788702926114,0.46382363251949105,0.6280249481535222,0.7199775163127087,0.6936761610555177,0.5623590063760445,0.3871531378699622,0.180998969898012,0.23059130709572942
0.3087855276524419,0.45374804291651955,0.6077424609583469,0.6894067091918559,0.6558655599051155,0.5230814842001046,0.35357990925850813,0.17170887895409526,0.25711480210631227
0.3094328017032669,0.4576732556198146,0.620045667925548,0.7160728175524809,0.7001272597744923,0.5819789994223963,0.4172807417061334,0.21256661785587386,0.250877452847052
0.3130174975255,0.4688136647296194,0.6353469026134604,0.7257523904359241,0.6937570513104719,0.5554737435343473,0.37661979896028147,0.18110028273451637,0.26331670507333865
0.3134432198228329,0.4703990085352572,0.6383980091034468,0.7300061202740082,0.6985103342766842,0.5599077639530569,0.3801595539905641,0.18314333280933973,0.2665332851592687
0.30974755549737853,0.4582405576211671,0.6194526510307548,0.7119486161332408,0.6903585111259031,0.5660565458176608,0.39693474772552073,0.19287983037438192,0.24182974962223316
0.30760767165800723,0.4509621999349203,0.6069650313667035,0.6972076254866614,0.6779478629952758,0.5599960894264526,0.39877301899876616,0.20296850548928705,0.23973882806091323
0.31004507656405544,0.459496497125658,0.6227202751473451,0.718371364927901,0.7001916227131413,0.5777706427218195,0.4072780315036778,0.19312443094413362,0.2362041068613788
0.31060665427927314,0.4605251035665641,0.6213432978920161,0.7098483476535576,0.6810284767755193,0.5490236126593258,0.3756237945234143,0.17941801197088042,0.254940864865117
0.30957530800169525,0.45797033323631303,0.6198514058607961,0.7142605574614731,0.6957844391122061,0.5751408768332699,0.4091313177906347,0.20597818944248728,0.24381379807725556
0.30741617725587966,0.4509137031795132,0.6089303157523971,0.703951508804839,0.6912643932878026,0.5788382438161245,0.4187965363354466,0.21129904329059113,0.2307154790552974
0.31234035958012524,0.4671019930981652,0.6347558116468192,0.7301949869512353,0.7060072698401166,0.57413469409337,0.39535972725767604,0.18063296006479587,0.24307098237689337
0.3071897847866583,0.44825676212638027,0.5983423960601947,0.6786661124597093,0.6479552596818833,0.5219596594024836,0.3611492691771251,0.1896691609731381,0.26051370444452493
0.3083700288872371,0.45357356436997964,0.6118653444372062,0.7040786374474324,0.6855324778938536,0.5661667322545638,0.4011601717380781,0.19655777648774192,0.23827909622076085
0.30963829051476666,0.45665251596130324,0.6126297200267437,0.6950956886691512,0.661083574305207,0.5276033408719344,0.3585873515703402,0.18115316842749932,0.2626637955811102
0.30522061358765024,0.44234376487808225,0.5906174523987967,0.6745010950086188,0.6526200222246659,0.5368609835530607,0.3821501603903446,0.20246124797096746,0.2536863542854925
0.3122718999113505,0.4670425395175806,0.6350121030964042,0.7313123725356875,0.708875246063542,0.5799352641765225,0.40511288998548695,0.19624424196133278,0.2471795716865742
0.30948378797618636,0.45704652722552797,0.616385344713685,0.7060727756204879,0.6813522785614501,0.5546813371853475,0.38488395161521616,0.18305899088851565,0.22662256901793223
0.308359406528263,0.4529058934417634,0.6084771383783217,0.6952126811176645,0.6697897804422578,0.5455272904168572,0.3813803735292816,0.19558363115011174,0.2667986728296123
0.30756904498859877,0.4499644808143756,0.6028002396157492,0.6873574541821262,0.6613840807856177,0.5386736505813288,0.37763368119859003,0.19556604449481924,0.24853833233356623
0.3078475235893878,0.45178720864311167,0.6086359082382343,0.6998460635694076,0.6812788876794009,0.5631554975388032,0.40048372406359667,0.20020907900195228,0.23871289412432187
0.30289731931438113,0.4354672980694984,0.5827977834822446,0.6741221158235948,0.6675045992817207,0.5680910223508241,0.4213393629468747,0.220544406090475,0.22449094210843074
0.3100408661498495,0.45791671835875736,0.6145746665986749,0.6970084030063277,0.6620937162511727,0.5271157907375842,0.35652705922569067,0.17727814535025796,0.2564539544081261
0.307189608362737,0.4501282519254099,0.607618283658895,0.7025897534348575,0.6906138197481559,0.5795994620895605,0.42122268694343856,0.21506237051054208,0.2276742634895457
0.3088947758976775,0.4557167333279423,0.6164816912493007,0.7113399678909341,0.6946274851939012,0.5754182055959485,0.40870989429732985,0.20004768018597424,0.2530025327630698
0.30834326843772375,0.45407403285039205,0.6144288989917173,0.7106309778254369,0.6971762066159434,0.5820130984725506,0.41795834065430904,0.20347636753402973,0.21848496744328108
0.3104729058503694,0.460146456844522,0.620894361787415,0.7097798346883594,0.6819367790195087,0.5513789596394849,0.3793871554692537,0.1827765047066408,0.243658907618993
0.3065679233244175,0.4476347253715205,0.6021921502063954,0.6936409298826994,0.6782621144593589,0.5647833733775955,0.40560963345839546,0.20313146451838907,0.22945121173240907
0.3074231679235499,0.44916275117886684,0.6002366570205295,0.6815851560779106,0.6515481375312122,0.5256073359205325,0.3644240909427133,0.19432415996273247,0.2852465472281482
0.30769083018704757,0.4511347580680453,0.6071702131439521,0.6972704356620784,0.6772519707437156,0.5572879321369252,0.3925199881263445,0.18967039650408404,0.23477999936697747
0.31177755676185626,0.4641996669250659,0.6265738551845689,0.7137423382733775,0.6805292476838102,0.5430149608885543,0.36595107822175876,0.17281699921444077,0.25675761146085746
0.3119466269979206,0.4659579783179916,0.6332543029847837,0.7293990514729041,0.7073347020504035,0.5788967925091801,0.4042893855389996,0.19585075093010665,0.25853311452260846
0.31097584148400814,0.46188172164961244,0.6236658930075467,0.7124503986523214,0.683198607128768,0.5508133844326665,0.37811025345941834,0.18630153262998977,0.2622182967898015
0.30446001825707963,0.44003482641207525,0.5879701641397875,0.6746620294826702,0.6591241412570188,0.55148074874119,0.40341593918424057,0.22325286962644242,0.24847213921270658
0.3091721421293742,0.4567443044334988,0.6185957412345799,0.7147440314044798,0.6994074722224919,0.5815467655038649,0.41602783685101824,0.20855699107354136,0.2599025497378011
0.31011050690201425,0.4593458271183841,0.6208850671347907,0.7126683998630814,0.689443661434365,0.5635652542004701,0.3943127683506569,0.19597179430572256,0.25915232777722486
0.3084342813650185,0.45362239270261073,0.6112794548285464,0.701905298339234,0.6812076427913939,0.560253489687845,0.3955059093589521,0.19683812881756876,0.24623138121923502
0.31048679199657125,0.4610458054263175,0.6251650007276289,0.7205973172358578,0.700985230730095,0.5768762022952003,0.4059307854422439,0.19638030086822902,0.24814937899789408
0.3094760514115693,0.4567197946588543,0.614963288866488,0.7026970133380671,0.6758094259999239,0.5480205884356526,0.37944099899447775,0.18624308125224376,0.24300171104460272
0.3082417530026266,0.4535721246889063,0.6131345153562066,0.7081673818073844,0.6933323210941545,0.5769269820928035,0.412306976599904,0.20046524641684071,0.2308480999681078
0.3097129712569867,0.4580670410025223,0.618972254652638,0.7110551959253327,0.6892474397402426,0.5654060174180164,0.39784550138414887,0.19905367550393602,0.25432610579208986
0.3109735812635784,0.4618783134301767,0.6239860906953786,0.7136359032723233,0.6853451228709515,0.5528816731565862,0.37786172341611524,0.17638892965626235,0.2430290631278442
0.30904457570722393,0.4551350408554617,0.6119274500113715,0.6985340233163684,0.6714854913913816,0.5449480393022796,0.379096885687915,0.1927915609629245,0.2556585559496964
0.3090455255150198,0.4550943620271638,0.6117152954731313,0.6978815097529312,0.6699619838140837,0.5420756476713053,0.37466828072930786,0.18754546111104106,0.262998273315194
0.3123036872732723,0.46667457447057803,0.6328069959341666,0.7253658309172718,0.6982080203222061,0.5658431945586467,0.39143881827570753,0.19504695441006606,0.2671259016309659
0.3103419470214139,0.4592971017110851,0.6180136419694202,0.703313432324971,0.6713260041792278,0.5382067973923711,0.3674717028721044,0.18356519263712917,0.260932264476347
0.3119666834864515,0.4648384162035377,0.6274348315757815,0.7141189505598319,0.6797461004131752,0.5411161605487659,0.3641051975426973,0.17629712509870543,0.2755935999326769
0.31213390698025517,0.4656024562345775,0.6294739564273709,0.7181266488678654,0.6858689061489894,0.5485113903248255,0.3710998968365665,0.17949835881220014,0.2833312467807332
0.30995408516736667,0.4593460343696398,0.6228011469582071,0.719177920234771,0.7023635125121664,0.5819056250730698,0.4135138888233514,0.1999684439847978,0.22471035310498255
0.3075223589771963,0.4511712780866733,0.6090022179483818,0.7031731565252349,0.6889642899769839,0.5747663673731509,0.4134326260374391,0.20690381588831241,0.23554617937171432
0.30924609110278073,0.4571031834661491,0.6192267667167823,0.7153525433984648,0.6997654103225223,0.5818695772860318,0.416915677539371,0.21048337621501179,0.2495210034446791
0.31368546401253533,0.4707554335865349,0.6379653863142676,0.7275785481180442,0.6932252639027588,0.5517792048037152,0.3702427004295621,0.1744797044733177,0.265269335917537
0.3101672187824786,0.45945592705331684,0.6208732170506541,0.7121011657685158,0.6874791110921401,0.5589009294543915,0.3853996116242405,0.17701931788801914,0.23006322628690845
0.31113072696769045,0.4638845527851209,0.6322349517289634,0.733731475336382,0.720434770302054,0.6002128778271784,0.4282733503377012,0.2051751654946657,0.24501779961267983
0.31088758466872646,0.46168713124800015,0.6239134986029737,0.7140467053034897,0.686542685068423,0.5549222038470396,0.3805069254917952,0.17920685112795043,0.24663378377639866
0.3094788877714258,0.45671720169806246,0.6148924154235412,0.7024633016586985,0.6753766386022078,0.5475059163300767,0.37914071189681,0.18722117079696585,0.24597475158198104
0.31064094544691534,0.46040549469922587,0.6204259731304966,0.7073392127814896,0.6766289420421928,0.5434540897298434,0.3705363746185614,0.1786981980873914,0.2528709905501528
0.3083790176401463,0.4535538878694982,0.6111887544962818,0.7016143948214244,0.680591394848334,0.5595998519199767,0.3956988547528111,0.20154827406236167,0.25970379968271284
0.3103348790711856,0.46061049296440426,0.6247432427524655,0.7209783646346278,0.7032582855413436,0.582001747340205,0.41419677104224717,0.2073022664658354,0.24675342844720738
0.30969661563513495,0.45759437996580493,0.6168276220894897,0.7055530174554161,0.6790544349240583,0.5504021567517614,0.3794577970194848,0.18073144269352406,0.24152729052860086
0.3114874452103254,0.46480232938503113,0.6325050710588098,0.7310431819128831,0.7129004786622257,0.5880066010031664,0.4140557988181371,0.19557363318352472,0.2322933926941421
0.3108773527725024,0.4614005700538,0.6225009490398086,0.7105586212962557,0.681116807144423,0.5498241438234152,0.38007401487863623,0.19765567126504668,0.2868530334283505
0.3099663159968674,0.45901996497073433,0.6209162112825812,0.713777404493023,0.6915237773400983,0.564770735491577,0.3910540691286115,0.1758345744877069,0.21810779700910357
0.31130793261160067,0.46321229105512396,0.6267878769292444,0.7180594366323088,0.6912758934691132,0.5600256688546214,0.385728684889508,0.1830989697966089,0.2374899203478406
0.3077834365723982,0.45109981330745913,0.6057906704572324,0.6928686710340383,0.6692261458259475,0.5475255126105982,0.3854151932134739,0.19797320364493984,0.25335697804197477
0.3117260472730002,0.46401737864436615,0.6263368680118675,0.7137080818854019,0.6809954739290515,0.544103144625774,0.3674546496847762,0.17371229027640353,0.2543478552669104
0.3071098158283944,0.44943900913386914,0.6052939362375436,0.6973173905238713,0.6811328679552485,0.5651230824846813,0.4018620084268224,0.19106637349179662,0.21413249597629924
0.309329729887201,0.45683154256200453,0.6171386911579644,0.7095114313537401,0.6889341389367082,0.5666238251414837,0.3999285347661884,0.19951930054643793,0.25203021667079845
0.31090720170726016,0.46211358820075243,0.6259486990689747,0.7193541472364103,0.6961676045902917,0.5682273628358887,0.3949874830896575,0.18840449402822448,0.25175202356411847
0.31026971444900536,0.45922416274537364,0.6186499240971568,0.7057856166816815,0.6763079510318257,0.5450363522910453,0.37400742717245133,0.18371012300132122,0.25679635381399535
0.3082788176525516,0.4523047676761366,0.6062419833827718,0.6898458492614179,0.6603173204462802,0.5323856597136749,0.3665394925563562,0.183329536121259,0.2533009799632548
0.31175985660531347,0.46530656984860475,0.6322995070589402,0.7286051017316572,0.7067866844057499,0.5776067321149023,0.40013226119871387,0.18149405544012093,0.23513019095100263
0.31037284204586946,0.46077003830155405,0.6253144198203265,0.72221603099802,0.7046898167004165,0.5818906218539418,0.40982221103631566,0.19085563759396337,0.2284108239113262
0.311286580583644,0.46343075443835946,0.6281215237813157,0.7216418210835871,0.697659242143563,0.5685166813908574,0.39458721938803115,0.19002457978824172,0.2597308700168722
0.3079130985151809,0.452309459212548,0.6104957634726942,0.7040899466328443,0.6883753765847814,0.5723070443359681,0.4095270086429418,0.20264067262325028,0.23033502643383408
0.3069839441958482,0.44920124074054757,0.6054586064997681,0.6989275805677932,0.6855999962172351,0.5738196252758601,0.41549140513716265,0.21070280295251695,0.22213902912630398
0.308386084655808,0.4537956946247729,0.6125663945086101,0.7056492010165836,0.6887428777856047,0.5723446506967124,0.4119378798039522,0.217341500161718,0.26135954464177613
0.31250380992537846,0.46712400163199813,0.6329153435151372,0.7240750781557287,0.6944785244507087,0.5591904186087711,0.3822113618041749,0.1838852296230808,0.2561726465959186
0.31066321749401504,0.4612586611227568,0.6241911651206351,0.7165066815105389,0.6923329395224251,0.5639082860902002,0.3908708866289533,0.18467190241062217,0.23696994168613494
0.3113673090218854,0.4628712094187868,0.6244313062012025,0.7116010235714126,0.6798308836694984,0.5454673374122216,0.3728799953216779,0.1869184376053675,0.26411249887410476
0.30989380054072924,0.4591431320353006,0.6225133327356649,0.7189090261598768,0.7019721495229666,0.5807351136939681,0.41039692019342744,0.1906095264174104,0.207762690112349
0.31310906494154567,0.46927602385989914,0.6367511881188744,0.7287508883126357,0.6985027762806926,0.5611349424941621,0.38149759024343055,0.18131720111333363,0.2666937213861059
0.30964677886833913,0.4574091310767115,0.6164062983927459,0.7048096373817452,0.6780149138028884,0.5492525138281319,0.37842379775668106,0.1794755022882211,0.23342232964324883
0.3089684162039954,0.4563513707351892,0.6187564048282562,0.7166156178364256,0.7038199185520444,0.5882161194455657,0.4231848203656401,0.20929351243444613,0.2401661080024863
0.30920724691215523,0.456224584159054,0.6155061352737591,0.7063845103633802,0.6843536796681919,0.5614242849007386,0.39553634815737143,0.1989144095923954,0.2480035583637235
0.308819320389164,0.4552477066805285,0.6149304658070097,0.707937228123476,0.6891677165890514,0.5686780243629939,0.4020623932718574,0.19386647829144507,0.22325406709310788
0.30808040366976325,0.4526159536633063,0.6101308459593534,0.701737948694863,0.683082095733185,0.5643877517136512,0.4008658416007097,0.1992523540445509,0.23695949769785485
0.3098793536583623,0.45861998375336105,0.6200342910637037,0.7126667592520135,0.6912660511852896,0.5673456817450059,0.3987657770000121,0.1947842039217162,0.23556928799797505
0.3102077663659548,0.4591499079456024,0.618792110078636,0.7064150201328699,0.6775866398850048,0.5468419456464304,0.3757236826366777,0.181702388636816,0.23726307896508544
0.3100520436289871,0.4593869357300291,0.6217879170731904,0.7154696501422111,0.6945545259883505,0.5698917092649305,0.39908827844113187,0.18982872871729412,0.23486700724035703
0.3100202973706567,0.4583301995541906,0.6168289158278882,0.7028660045327765,0.6723277772600466,0.540415563232653,0.36970930700666327,0.18401635337643013,0.2746050675770119
0.30755196032717197,0.450793506757485,0.6070497251141364,0.6981412095491548,0.6797308411604243,0.5613063073290903,0.39715574453062935,0.19221832906872865,0.2347969324614368
0.3088710803130199,0.45527981386775546,0.614780226201443,0.7075050576161279,0.6884635555923531,0.56785241552992,0.4015443326480179,0.19667559111476035,0.24295687517066597
0.3068289557287208,0.4493373012525593,0.607532596802165,0.7049969334653687,0.6966486081157214,0.5886028873066422,0.4307423161816233,0.21995020212899397,0.24161974872948763
0.30814498597242773,0.4533517508458715,0.6131489924097991,0.7091896898862546,0.6963521096725598,0.5827436568643876,0.4210197118865346,0.21099170986648738,0.2277305657262185
0.3098051953109842,0.4592648939930186,0.6241322276552822,0.7239692669018829,0.7120846951986828,0.5962065869847325,0.4300437953448466,0.21390772845179476,0.24520249517482173
0.31130689124738287,0.463763095583682,0.6293103876895221,0.7242345171020896,0.7019152971323717,0.5741560051247049,0.4006478400861816,0.19264440418233553,0.24711164141175102
0.31002430368368106,0.4584553024399588,0.6176615635325957,0.7053066742034138,0.6768388698253407,0.5462259985296158,0.3746593765237849,0.18132309496764287,0.2624287863372313
0.3099920636203526,0.4577840239583767,0.6144321455870445,0.6968507263046502,0.6614825591673342,0.5249305034547399,0.35109850993171976,0.16276372421810786,0.23283619541722939
0.31072465905640884,0.46025528657660497,0.6184383003917523,0.7011346633970876,0.6648527910696271,0.5276843141201244,0.3558498468352491,0.18237539078984744,0.2913381580721448
0.30912765381402485,0.4543749312201429,0.6070090140757534,0.6848109740949749,0.6461095601529584,0.510120130510545,0.34308679341591675,0.18284346937138002,0.3033593349505735
0.3121569122353764,0.46574979588812326,0.6297349812447324,0.7183714582255913,0.6860926714601285,0.549034484148479,0.3723927977144778,0.1813568361050017,0.2709820555458679
0.31009329884913994,0.4583347772649611,0.6161420773818825,0.7006165450113235,0.6678686160628421,0.5336883612171083,0.3611576863475057,0.1725036032794266,0.24800284848052576
0.30930555534726645,0.45603283807292394,0.6134920555187968,0.7003595414957969,0.6727934138895695,0.5448540576049409,0.3770620866103871,0.18882291644543592,0.2619232033892563
0.30891064045194144,0.4551583391154304,0.6130238285018611,0.7014738748764355,0.675916334105662,0.548950238313847,0.37988130838663936,0.18538230091757085,0.26579109036266857
0.30895944599526204,0.45458363617491204,0.6102876187549687,0.6951574638395884,0.6659639522063804,0.5372716361900318,0.3695751130869813,0.18054287290833676,0.23554764858894722
0.30857064310764487,0.45489672487071137,0.6160338541601622,0.7129611304510792,0.6999328918217725,0.5848194927042241,0.42072765943167956,0.20851716087030833,0.241472336324666
0.30785330708085495,0.4524626085184437,0.61193726816146,0.7081516835853581,0.6953944052325075,0.58065092928705,0.4159229316872404,0.20012232304484806,0.23958265191493952
0.30904290527232103,0.45677635944703193,0.6198843401482808,0.7186118325375751,0.7063777799677927,0.5904582243207798,0.42391221099401744,0.20564998292114553,0.237010156672847
0.31196627298511287,0.46476321376204427,0.6270703955723043,0.7131865585005207,0.6780741771356782,0.5387688619593255,0.36132726212553284,0.17288046876068894,0.2664799253601554
0.3090301540470375,0.4558129813302189,0.6154286013080229,0.7074684820634081,0.6867681845364538,0.5638567783115851,0.3951759614758858,0.18661861209581093,0.22401279881138136
0.3115792957524157,0.46398848400461434,0.6276307404815404,0.7179694963143513,0.6892324180234242,0.555675256422667,0.3798397306629419,0.17928888558269454,0.2465750365353905
0.3133767183820001,0.4704851262695785,0.6398212220870636,0.7345180784133283,0.7070433383310353,0.5711567223314257,0.39027716588492467,0.17984739813925102,0.24430394185580423
0.3112634132665901,0.46469587491427616,0.6345657874530282,0.7383851181329344,0.727732407290285,0.6096111267812561,0.43822125536182926,0.2101823939028885,0.23140718656206927
0.3095864009242522,0.457220311907223,0.6161633519178642,0.7047622953857321,0.6785416892226835,0.5507514534867568,0.3811856340307292,0.18450510484280377,0.2396530806923175
0.3096971459754185,0.45857148082158733,0.6218952580262295,0.71916489618309,0.7044846719354878,0.5870842062768461,0.4220890783468244,0.21445957471703264,0.2513518292701336
0.3126957706803608,0.468791781731201,0.6389817195844031,0.737948579911047,0.71752884443201,0.5884958038493064,0.4103902052425491,0.18941399463609024,0.2311696826975153
0.3083502156938676,0.4540745115365005,0.6143095470832118,0.710147497905578,0.6960321369318153,0.5800959269187649,0.4157139659646334,0.20468741750929542,0.24154736817272415
0.30559582318039785,0.4436916739325579,0.5934313003320314,0.6790258052243702,0.6583996981703416,0.5423536716161939,0.3848538298920616,0.1944805016452162,0.23256954161389293
0.309448205808516,0.45876404578034374,0.6257715224048679,0.7313077271052203,0.7274640093879906,0.6181897766074168,0.4527177763863186,0.21870293860735188,0.2206237325310187
0.31037936235408453,0.45907881456702315,0.6164872963852281,0.698964817092418,0.6630468019194454,0.5261909735630402,0.35349730180291883,0.17251534890316303,0.257021942888609
0.3104270116198869,0.4603002006880365,0.6223578184939113,0.7142550591873019,0.6907132287902202,0.5643536192490318,0.39497428076421587,0.19916462391621736,0.2748077396149027
0.3069579357731166,0.4483958398115143,0.6017544221877099,0.6894105240131433,0.6681623560143816,0.5489518381928082,0.38719570725029,0.1935906483607263,0.25068525195461333
0.3088782129997617,0.4552946079854526,0.6142589133321376,0.7053645029260385,0.68388008947082,0.5611977385515403,0.39461111484555056,0.19422162535308224,0.24019230455858664
0.30750471107980726,0.45017754104602004,0.6043849278758163,0.6915793737664188,0.6686034308686545,0.5475609717893286,0.38546444913232747,0.19672786364242695,0.2585155864819641
0.31165399140586636,0.4640297828991798,0.6268026397365943,0.714994114729386,0.6834321277011162,0.5480496807320587,0.3733072745459406,0.1833716918662379,0.2661172190667032
0.3101770897668048,0.459777733162329,0.6223192129388212,0.7158215486987017,0.69449769304805,0.5695996749437672,0.3992477678072397,0.19308129990414624,0.24344450752408536
0.31165366764020747,0.4647505699337846,0.6305893510739459,0.7250602718889141,0.7016694445129961,0.5728768837809021,0.39927409491008947,0.19512066184675247,0.2603261740121257
0.3105672335346103,0.4615484841678219,0.6267801273112801,0.7241484490319027,0.7069124599510026,0.5847407662387365,0.41431399009639425,0.2011815177610695,0.2457030106667545
0.30611019531574735,0.44598028471619094,0.5990360037399884,0.689298542901523,0.6737494676881489,0.5616985856746635,0.40576543496902623,0.21199354777053736,0.2480635681630762
0.30992059499414143,0.458644006993772,0.6196642099157025,0.7112839986388935,0.6883283217534428,0.5627941223301868,0.3933091167987964,0.1915553253246459,0.24392300128292063
0.30826029970802915,0.45357920897584214,0.6129523945164623,0.7076106130444251,0.6925397927009229,0.5766651021796229,0.4139882239209212,0.20939409451161337,0.2517974620497485
0.30763536556041304,0.4513353108656738,0.6086004468395649,0.701065860152486,0.6837844750912809,0.5654165938638916,0.3996336060268613,0.18839036814375498,0.22646748452824303
0.3074022458809498,0.44947010068773036,0.601935175193754,0.6860135662898791,0.6593063257721763,0.5355670675847499,0.3734664250566914,0.1915926364618417,0.2568483632404444
0.30744397009958496,0.45078725576098844,0.6083163669350684,0.7025386124754632,0.6887988045246771,0.5751585374059248,0.41403923056055936,0.20730866138808382,0.24276835701520574
0.31004183005221403,0.45847327774500624,0.6172534928604338,0.7036736434159955,0.6733554248424335,0.5410107173478513,0.36858698713714183,0.1751088542500894,0.24367323182858763
0.3108336502717601,0.46179264132970527,0.6252622009762663,0.7184404025771847,0.6956064835028773,0.569033048657502,0.39828434729507817,0.19693173335101372,0.2579054816754061
0.30876395898752207,0.45427604370194363,0.6105850279995482,0.6969694291623245,0.669763614489858,0.5427054490681229,0.3756734497967676,0.18682770833912954,0.25633697540548983
0.30736930991381084,0.4496342025698339,0.6029832199730303,0.688881367050462,0.6647473127600092,0.5436698336080009,0.3833386538596863,0.19969601527226724,0.2503135471865345
0.3119648924342478,0.465055286896285,0.6287840213112535,0.7179181847237284,0.6866307531543381,0.5498831892342779,0.3713879182057375,0.17035579211728213,0.24510533585128438
0.3071817802880901,0.449862012999927,0.6065511029468134,0.7001516477243873,0.6866055058616175,0.574504304477034,0.4162127470939448,0.21363875472747312,0.23334717965476964
0.30910484996449206,0.4559237358312162,0.6152032887476159,0.7063526296343327,0.6843960600960217,0.5604789503036183,0.39193230553378944,0.18866817284678863,0.24415239391882415
0.3087488193090115,0.4538990398979622,0.6089232959042972,0.6929596595912746,0.6631161943484505,0.5346472510908028,0.3688356004386615,0.1880716153051802,0.25979681132431476
0.3093134677640957,0.4568347169309285,0.6171909806702722,0.7095012214989709,0.6885207884952176,0.5652228320787753,0.3967710680038533,0.19131265775587275,0.23386435341204914
0.3078992675891415,0.45136861870774303,0.6058106816817947,0.6919434181959955,0.6668627270780019,0.543981348552355,0.38191359400409425,0.19900945471122689,0.2650452117587282
0.31174189669472213,0.46460513116532115,0.6289112086148049,0.7199983255269818,0.6919264953563085,0.5587531203195881,0.3828175853396452,0.18047597325149872,0.24178744700467233
0.30841357877820874,0.4543070725893736,0.6148503884252,0.7112428922208596,0.6980322588282004,0.5832920658775199,0.4199943502855606,0.20794838724973735,0.22839499300976487
0.31004528444927004,0.4601644394338763,0.6260109523275166,0.7270279229953679,0.7163441905661756,0.6013931903018324,0.4354475224976782,0.2163517962262651,0.23259674932569346
0.3117913887048824,0.46460345932907204,0.6283489746745191,0.7182230418233336,0.6887870474801516,0.5551870390166738,0.3808908389763587,0.1869715483911448,0.25936728053493696
0.30937504862771026,0.45792383260191943,0.6221973073561041,0.7223431432484465,0.7115152849529339,0.5964750232115514,0.42963632155148884,0.2067334682135138,0.22465399371566613
0.3060009130280176,0.4450508725550606,0.5957144275998518,0.6817420255748706,0.6611126559714053,0.5452994382665901,0.389278797179191,0.2066056612257237,0.2631266250458026
0.31014574946871887,0.4594871040234092,0.6211931907999746,0.7130950670563098,0.6896609265462316,0.5628330034094456,0.391506361344213,0.18659746963073612,0.2381420588180281
0.3084429852740683,0.4532042484267563,0.6091772988028533,0.6963804901594094,0.6709164718978079,0.5452235716954713,0.37766626010687543,0.18307533862151246,0.2549749571468447
0.31241223653481603,0.46788102268207754,0.6377179902018995,0.7372196091356132,0.7183823886375356,0.5915120280201246,0.4152685031923718,0.1946471687738131,0.23181580932340112
0.31297429964530676,0.4694759445703179,0.6394318079588618,0.7369818207454019,0.7140272893668103,0.5820980062228354,0.40189979631811806,0.18202155090502084,0.23427163935116813
0.31101950744039664,0.46270701427285416,0.627446861081201,0.7219997162292785,0.6998126416718707,0.572194031221932,0.3980258583058033,0.1854252075065616,0.23024061348710084
0.3079931144374751,0.451423795530936,0.6051466756908418,0.6894321379038519,0.6612397635498549,0.5342665510449774,0.36779340679117406,0.17901795959984598,0.24584555335501204
0.31205536264182093,0.46550393403241513,0.6297060414157232,0.7191419634534502,0.6878905689719806,0.5511582110926108,0.3731008118502575,0.17457808404926156,0.2535574769415934
0.30912691444026474,0.4561661374722478,0.6163653671577694,0.7094472806322213,0.6899767180358729,0.5677743372999453,0.3985198687142145,0.18564762842754773,0.21927697833680823
0.3069761607131343,0.44936832954608086,0.6063604355745246,0.7012472909986961,0.6896014517185514,0.5789581888793158,0.42062271677447316,0.21466762175721035,0.23918942183343142
0.313194272501839,0.46960297242799076,0.6375581430579491,0.7303687029775641,0.7012037752581889,0.564913700756038,0.3859307620113238,0.18487394137605515,0.2650097944871617
0.31140696195407835,0.4640412457090591,0.629980832376692,0.7256089855115719,0.7038557348844263,0.5754945148406908,0.3991721791699145,0.18100869456304913,0.22580067542062887
0.30974168257432927,0.45802353376247457,0.6185822111812721,0.7100979553079971,0.6878379273579817,0.5641020196279206,0.39739504299562345,0.2002844662881271,0.2470143853314662
0.30990022367331266,0.4587282838523064,0.6202847743451707,0.7131858088830825,0.6924691667347895,0.5701049706717852,0.4043231282955105,0.20777870458473494,0.25661480914276963
0.309491978211775,0.45782142392362807,0.620172992539584,0.7157723740675269,0.6984693689378615,0.5775017171546919,0.4084471065212668,0.1954645793493234,0.2388462226299999
0.30714046560125075,0.4505907378199617,0.6107609022771864,0.7114880226731591,0.7070612446419625,0.6019677919413544,0.4441543290298226,0.2240293078550115,0.22662729971226722
0.30890746543594083,0.4550588355277131,0.6129163019069254,0.7017684876177084,0.67707179921569,0.5509250778278716,0.381614115659384,0.1806307651676351,0.23446825365381974
0.30864716403738024,0.45450601977124205,0.6131445425051909,0.7048088695665027,0.6850515646528755,0.5649877464050184,0.40127329370443415,0.20513283770998525,0.25783427767670025
0.3084217953548099,0.45413566857770626,0.6138604788400222,0.7085773523447926,0.6932613613519769,0.5770619666696545,0.4141959140851174,0.20893100266941317,0.2421228124845961
0.3102881139184772,0.4596166693352136,0.6202527378315236,0.7095530570573623,0.6826488772137757,0.553237644674598,0.38215647917319295,0.18593504827793625,0.2479053876170213
0.31134010814556573,0.4626336262361339,0.6233973850163852,0.7088138859899792,0.6743652813962868,0.5369751453497048,0.3619482077234227,0.175500719369515,0.25990240141206145
0.31015134278208867,0.4590388630071302,0.6192886814275631,0.7086848137545302,0.6823161523948128,0.5532797533156295,0.3817403151253198,0.18332792818022398,0.2531393991476636
0.30573968581960065,0.4451856930918509,0.5995027840647184,0.6939605173849716,0.6847854828810821,0.578304576230174,0.42331209331257513,0.21452417079691924,0.21797866427189896
0.3097872603121209,0.45883101631812634,0.6220430859694231,0.7183949007381047,0.7015154112778097,0.5804460198540617,0.4105830939244935,0.19402159923252163,0.22694090261331135
0.30783431116690424,0.4524010063100757,0.6118191176362839,0.7081660393692482,0.6962140717153942,0.5834047332083528,0.42153192152103225,0.20790355449519343,0.21919712874918254
0.3063453989883194,0.44546573333566103,0.594179805294606,0.6752796101095176,0.6476786471843698,0.5256174258948361,0.3672970199625475,0.19363363217670468,0.2653043011579446
0.3086003853962808,0.45473913771663177,0.615058891429997,0.7104223887216191,0.6954950616602332,0.5790075595507665,0.4149804709200894,0.2072011146571037,0.24735354424516595
0.30886358685877274,0.45455289901609447,0.6109758075374204,0.6973216439316878,0.6698632149559902,0.5422990295615817,0.3745221228103552,0.1841799247406097,0.25285329593913625
0.3113583562919469,0.4633746367321777,0.6269580357868655,0.7179280796607251,0.6904348621725099,0.5581785436231568,0.3829116349157628,0.18004848449810493,0.23987102699255694
0.3088003983837828,0.45469583068188363,0.6124485581144139,0.7018259165404491,0.6787411557133047,0.5554638415380098,0.3899332235617814,0.19470143931734665,0.24339362028996006
0.3132968418583141,0.4697952663456499,0.6371196913580698,0.727897103672382,0.6952505340793174,0.554808015672462,0.37222198052299404,0.16851088257116933,0.24757221710546215
0.3076967078925638,0.4508573604153482,0.605641275384403,0.6931685873082197,0.6698154972321696,0.5471351219471788,0.38162299744817585,0.18185211602058704,0.2198005661599039
0.30896345457529184,0.4552603556689161,0.6134574752745527,0.7031099054282074,0.6799819246371024,0.5563048476682066,0.39008915714290604,0.19337979493719187,0.24011668018596308
0.3083348527640265,0.4535690796967712,0.6119622351246583,0.7042981993462976,0.6860707850171246,0.5677205463240117,0.4050800422469863,0.20894859779894295,0.26824554756471297
0.3087482923245262,0.45485049963801366,0.6138932294684879,0.7059655867467806,0.6859870175140657,0.5640465795228857,0.39590184066039635,0.18627627197839383,0.2227156297986337
0.30600960978218084,0.4456310354354805,0.5983299354359815,0.6881605032136231,0.6721923281650105,0.5599069665965847,0.40415003902056257,0.21221750590569638,0.2538527929154403
0.3121372116497853,0.4665345823574073,0.6339159351722343,0.7292753141834094,0.7052171472438523,0.5736929943024542,0.3955177159848446,0.18255020740769232,0.24936459248902582
0.31125908289279636,0.46359279290899447,0.6294135109978741,0.7255065554569359,0.7051291035032587,0.5791612655429906,0.4060359522974681,0.19366154227554674,0.24086870824510076
0.307400719541888,0.45029753646879317,0.6061371652808839,0.6970283601772312,0.6792434813962145,0.5629961303713008,0.4028616900594825,0.20649608273709547,0.2445442122380409
0.3071069309529069,0.44952229111093,0.6055847462639606,0.6979949529077721,0.6826216353137264,0.5682307275409694,0.4076331615666064,0.2028479649130896,0.22675799440166924
0.3097100904243551,0.4576359795268292,0.6167399612875595,0.7050519142801484,0.6780374368007207,0.5492574532466692,0.37905683560712866,0.18343644387114474,0.2439726294409916
0.30884952814909994,0.4547842163907684,0.6123396607851619,0.7010283801981152,0.6765785583379887,0.5512665373520731,0.3833357659589612,0.18500847761445594,0.23816837204554356
0.31136286540056224,0.464224706515087,0.6313463633799671,0.7297010924436035,0.7123948058768633,0.5898095141069126,0.41972145216250684,0.2104689952292419,0.2585684707142595
0.31285366986167695,0.468203903284784,0.634447662063167,0.7251363386049127,0.6938190211587555,0.5557474896380618,0.37561967602385277,0.1739122923037657,0.2521343575549184
0.30961782438741337,0.45785656650735934,0.619261289132308,0.7129275753699614,0.6933807238250976,0.5711277146128886,0.4029104170939857,0.1964006824769223,0.24314936056836922
0.30975360541266733,0.45806016839428204,0.6186794843383275,0.7102280289382964,0.6877146673356566,0.5630817566893263,0.3946746679131048,0.1940940695706103,0.245056936646422
0.3096742527436957,0.4581938602821069,0.6201248875998309,0.7144527665916545,0.6955651805234784,0.5738718834690058,0.4060523527366755,0.1995526420732518,0.24313752404897201
0.3100837335727984,0.4588862163966963,0.6189347169605129,0.7078063862350601,0.6805963750748345,0.5507025547002874,0.3786383641944588,0.17975811904067693,0.24248313684173156
0.31002760305507393,0.4588263730908792,0.6191409026878921,0.7086169868534168,0.6822008425873519,0.5529795429907978,0.3811624284397858,0.1815780353427002,0.24446747211851172
0.3080876737970378,0.45184559756356013,0.6059102198043437,0.6902680131751219,0.6619269067566791,0.5351285015182793,0.36999810441015213,0.18816578542205864,0.27173083249145663
0.3092449712310632,0.4561852115179673,0.6150558329671469,0.7050486234191246,0.6815731075519558,0.5566405153573493,0.3883664245028778,0.18807648516157607,0.2387442377041173
0.3107393693115048,0.4609752320360858,0.6218985703165879,0.7099457810536461,0.6802368801028976,0.5475488301221597,0.37434006594592134,0.1800623007680738,0.24890072710600422
0.30826997226334657,0.45270901650748974,0.6083478770888724,0.6953513609806862,0.6701714562777977,0.5456523694394715,0.3801229129668015,0.18753357454208064,0.23941384832616378
0.30759105346548116,0.4508359001994446,0.6067186762393845,0.6970222498337346,0.6781450270277742,0.5609288937917088,0.4008032447355657,0.20831661774038562,0.25609870158105436
0.31053634584887563,0.46073620893939105,0.6230005290007017,0.7144751317864237,0.689527770404791,0.560670871192409,0.3876222620145612,0.18116798812365242,0.22493465582347139
0.3104857665370428,0.46084780570529166,0.6242264190867924,0.7182794210503424,0.6970831893124612,0.5720511561720443,0.40165131107368457,0.19639666962102356,0.24906029889376974
0.31067318841757613,0.4617872720675674,0.6269402905005339,0.7239569347389245,0.7062756921335219,0.5838775231746389,0.41363537131088035,0.2009960060369959,0.23953925329146056
0.3101150840598314,0.45991131558646703,0.6237993784422526,0.7203954864772146,0.703455820237121,0.5826143902656349,0.4139100581349093,0.20148565769494342,0.23446947855505934
0.30774875899601367,0.4506611067232691,0.6039212891125808,0.6882016703758277,0.6609619283408871,0.536352094321109,0.3737517612398864,0.19333694695684356,0.2629108986541211
0.3116271502271662,0.46571796556920486,0.6358902013432733,0.7391582196700326,0.7269188319138606,0.6064202255762862,0.4325588482918586,0.20316323390982452,0.23680076874522119
0.30796146405061486,0.4529695855124561,0.6132143849225633,0.7107261210705017,0.7000457807303546,0.5882492795941671,0.426795635104167,0.21235173791834405,0.22292099579977862
0.3115253659998052,0.46290046512573246,0.6227450203954125,0.7057386821272292,0.6678781640937944,0.5276374808937431,0.35221526502470113,0.17371169949490367,0.2763775792705632
0.3100790585720005,0.4588596885246042,0.6189181927407217,0.7080977256549713,0.6820394401544246,0.554793668582242,0.38724591235319855,0.19936430965953275,0.2713927561730438
0.3112253235822753,0.462780840183339,0.6255327382893215,0.715475507457565,0.6872729176980108,0.5554040420321843,0.3823802798220026,0.1886575970186334,0.2668321518964319
0.30951119167314045,0.4581696422048577,0.621877985228039,0.7204133871373135,0.7073387492295534,0.5905305979540204,0.42351818048070883,0.20384492654623143,0.216161719048783
0.3085511278005695,0.45303451673917094,0.6068831872649544,0.6892758045581315,0.6574197708069521,0.5267330292688432,0.3587613721397451,0.17557228706330202,0.25052827901055563
0.31032197728295446,0.4601803641007683,0.6228460317969909,0.7162483425326103,0.6947442503436986,0.5698723005006513,0.3999391666672787,0.19468453753895815,0.2399496367260726
0.31065269788908706,0.46073753882724566,0.6218648568407089,0.7108019831363521,0.68247316994832,0.5509276116616623,0.37786816591107003,0.18185684144959222,0.25739545218163556
0.3069664866041147,0.44940974252189075,0.6068836547996956,0.7029984235882492,0.6931504789735868,0.5841095825548508,0.42617636953620036,0.21656934169937436,0.23296482354727746
0.3120083296237454,0.4652901433665143,0.6294176039295094,0.7190703847241828,0.6881137926453021,0.551042147551009,0.3711386712332582,0.1648291668205462,0.23070953326518526
0.31131239910350117,0.46413728830519846,0.6313902523427176,0.7299386970894068,0.712374770159376,0.5883535453046435,0.41522168012468036,0.1986176699602523,0.24835645925934494
0.3075804951911131,0.4501910226642037,0.6035369376687154,0.6886553312942165,0.6627534421340278,0.5390698719015602,0.3758830198712857,0.1896716454686136,0.25041418599524223
0.3056659309642154,0.4432652160685543,0.5905702279467456,0.6711730624475993,0.644229621798378,0.5235494961862331,0.36647187856072744,0.19242822708926746,0.25866549958015583
0.3131728879288931,0.46950057957225666,0.6374759129911405,0.7305435918777081,0.7016881323924561,0.5652409263557877,0.3851136099784302,0.17996875496969036,0.2590721269183961
0.30981086102256916,0.458736467934416,0.6213107330595996,0.7163963680645025,0.6981530938877114,0.5767439961387544,0.4087503478801815,0.2016693400260502,0.24983185474415828
0.31047780858302154,0.460627572780489,0.6230990221818986,0.7153196971375754,0.6919142331125692,0.5655798335049131,0.39611510108381026,0.19829713604683247,0.2573009828574587
0.30956233359449287,0.45819406838610444,0.6213713896501137,0.7184783506827086,0.7030432050487722,0.5834964540749205,0.41452720749516814,0.19784557799869054,0.2366633706923765
0.3096635298695194,0.4571716193814555,0.6150975518771541,0.7014594624147161,0.6723487769276845,0.5424594188432236,0.37324690182849907,0.18502892893151898,0.25639165566450645
0.31123077744303623,0.4632887976383861,0.6282212793051166,0.7227271201907435,0.7005874956767397,0.5737165676956199,0.40152726737303546,0.19513725288373757,0.24591300000278107
0.31036075727741946,0.4597883431643062,0.6202649689607241,0.7089058490068743,0.6808455526966942,0.550071862217053,0.3778396546387844,0.18076316109994478,0.24171624109361664
0.30649175803222833,0.4475992412287384,0.6029504418694125,0.6963152444734867,0.6835127480491041,0.5719757934060561,0.4126372760593652,0.20355295999649833,0.22142237473667375
0.31062243036880055,0.4611906296190185,0.6242022207778264,0.7168241005671345,0.6934202480775076,0.5665216593956174,0.39589694638504047,0.19494030116353203,0.2489039840335382
0.3086894239569937,0.45480660269224243,0.6141061893926323,0.706673440224287,0.6873186341445291,0.5660487069034802,0.3987001657968197,0.19179397656070846,0.23924253253518077
0.3058934293857578,0.44344214929838643,0.5888587993583211,0.6648365442260784,0.6315630243227598,0.5058712212060329,0.3487310528735737,0.1911825916363211,0.2911084799731961
0.31001396621773686,0.4589159763196701,0.6197820287274436,0.7104999268187888,0.6858838307008831,0.5584081023197803,0.3873431305893004,0.1841482522896593,0.23033135069606864
0.30622298322145214,0.44515235224215827,0.593557522366187,0.6740356518264671,0.6455123059591622,0.5225663819227261,0.36384324931022155,0.1907333004053839,0.2592691501171735
0.31024680930462967,0.4600422062536491,0.6228397305167784,0.7167198443814207,0.6962269486682858,0.5731142608947972,0.4058155215887148,0.20676486834849947,0.25957104736318604
0.31012445659516613,0.46010763430807466,0.6246446534996913,0.7223038028022305,0.7061599834156498,0.5847373441403648,0.4132476555520944,0.1923365378140985,0.22659107541652515
0.31145777940296826,0.4640441264856155,0.6291277749184075,0.7227497265947408,0.6987694236003066,0.5701150483085465,0.39765069533845293,0.1966988675563976,0.2590061779755601
0.31031879085286584,0.4608644811472953,0.6261129485638716,0.7243876776887523,0.7087470016641491,0.5879794221847155,0.4176359470101229,0.1998754302286035,0.23513326349376787
0.3095074638924742,0.4576498824931718,0.6193161257171121,0.7138328277093988,0.695732091636967,0.5752289909824345,0.4084676125418486,0.2013508901011821,0.2351013339555273
0.3088808842481712,0.45516691231601325,0.6139299985223289,0.7049241645270408,0.683387107665144,0.5604774046073668,0.3933798573387286,0.19319990190373998,0.25432912871631597
0.3108987929396233,0.4626902696928947,0.6288289682885793,0.7267952485392476,0.7095404880238709,0.5865758959879801,0.41454457708119097,0.19665639709859753,0.22998252924567336
0.3075177965896036,0.4509147190389974,0.6081300946009792,0.7014719009102109,0.6864696858991549,0.5716672534159907,0.4098461032572103,0.20175121190839232,0.2231332961384206
0.30937435705878785,0.4570637223926647,0.6178750719673931,0.7111675507501353,0.6917246406277271,0.5702066637686939,0.4032250604847907,0.19818717410009098,0.23710260824495621
0.3098623866899569,0.45793267361332424,0.6166580682083755,0.7037218652926502,0.6746730079517597,0.5437263498843102,0.37239499584755986,0.1814324363570018,0.26933727685366826
0.3107422023367268,0.4613926338934469,0.6241836108201259,0.7161763304013612,0.6917048694171496,0.5633321852862366,0.3910152396942287,0.18810515384731882,0.24758120519694504
0.31104668215568243,0.46197918390691833,0.6235436613676242,0.7117304725754313,0.6813774471729153,0.5472428047799948,0.3720290952860945,0.17414850386389186,0.24055091111793242
0.3120290912299567,0.465671651934116,0.6310564248274975,0.7232277091713485,0.6958986773414378,0.5628750889699422,0.38654763535442577,0.18396615650226208,0.25440016225174167
0.3102856017447017,0.4603599181554965,0.6240778261774385,0.7195092405703997,0.7002332822796088,0.5762884207661441,0.4046550777651545,0.19101524275183965,0.2362947951187141
0.30755693056230254,0.4508874256679379,0.607335480761349,0.6987458596675209,0.6809433901508238,0.56367937486703,0.40137684843147176,0.2002278716127875,0.2414125987332251
0.30886893306603846,0.45543877670425836,0.6155116660456124,0.7093807659058298,0.6920408361038443,0.5734422652071169,0.40897434625215645,0.20496812092702693,0.24345208492540257
0.3083098254500288,0.4540800181981224,0.6150213844713965,0.7127586131881924,0.7016842948436988,0.5891372539870174,0.4273159849058773,0.2165732763711681,0.24973300832805073
0.30949891235460314,0.45730326941108573,0.617386711249826,0.708428768082968,0.6855085044915551,0.5607261109402207,0.3926024231548196,0.19351705042639414,0.2459811879707492
0.3099751880046677,0.459514818089635,0.6234693129944112,0.7206857053399532,0.7045339093157346,0.5838002273215642,0.41395827046512135,0.19920114184383297,0.251176880545781
0.30518496309749116,0.44350975520772906,0.5972658780183263,0.6926109797405179,0.6857839510760234,0.582205400302348,0.4294810731473633,0.22228963000206275,0.2363566456182629
0.3090408854076268,0.4560782123727157,0.6168112357126594,0.7113570013521203,0.6944577261591272,0.5758141168987146,0.4107168006242803,0.20495444613382927,0.24485004699215593
0.30659325166587564,0.4479530569677299,0.6035948955383926,0.6972126631810792,0.6846607046934713,0.5735150581432652,0.4148702769123823,0.20776744100774874,0.22760235086817704
0.3069595323850072,0.4478560693253642,0.5991623344926846,0.6829301296725587,0.6570166269235881,0.5346511367495278,0.3736309750680534,0.19215852548642834,0.2646462633008132
0.31074252698599336,0.46096665965328193,0.6220287128306888,0.7104600584738553,0.6810576965007284,0.5478603322624039,0.3725992548341411,0.17123297725376024,0.2344046866044541
0.31083185164515903,0.46136472378305277,0.6228500570684521,0.7117360288652671,0.6830298864208671,0.5513104491811943,0.3789095249864103,0.18620750349274418,0.2622748705609016
0.3095412639172419,0.4575556087852182,0.6184892537714133,0.711390507560823,0.6909905653116648,0.5682538498221201,0.4003840546680974,0.19651113222434513,0.2449362872719267
0.30937184852016486,0.45737859723972146,0.6194567541599001,0.7152817753627552,0.6991657564025819,0.5805326231325277,0.41458360466272537,0.20540492332457963,0.23722226439570063
0.3070015957305439,0.4477662271022319,0.5981673968939961,0.6798911197149929,0.6511695131014116,0.5263434365848745,0.364458585397009,0.18616001636077661,0.26018419617158284
0.3109981605846303,0.46253179428956476,0.6269314533065858,0.7210631171835156,0.6986584635642948,0.5714432145547584,0.3987407170405791,0.19209632078101083,0.2513633160520103
0.3068747689322536,0.44806254012198365,0.6008721520856511,0.6875859775228401,0.6651893674230293,0.5451603773049226,0.38362220745875086,0.19425022521521018,0.26285167696969025
0.30923009727994744,0.4562106729418095,0.6150595246095485,0.70473966952663,0.680613834223699,0.5549642819321476,0.38637532582086287,0.18743243917261687,0.2421203409864501
0.30940649037961504,0.4555831158686557,0.6099128259513272,0.6899695265258503,0.6533192804205741,0.5179895995795466,0.3491270402953178,0.17925716214115273,0.2846731594304075
0.30870727224338645,0.45495222293364773,0.6147624598752575,0.7085142911280091,0.6910777765847753,0.5721666601304001,0.4070516911259101,0.20206351251865276,0.24677071795824526
0.30976142918862387,0.4575923818808953,0.6160537518664778,0.7030981778700732,0.6747433106751604,0.5456446071675877,0.37727531019660626,0.1908608599925572,0.26599225011619765
0.3085873848010324,0.45503679920032203,0.6166003126120168,0.7143907832043074,0.7025220807312325,0.5883715111943453,0.42431987285985096,0.20806189874569206,0.22605929820846815
0.30785065266965644,0.45173774484746554,0.6082415463701303,0.69870209236509,0.679307103478232,0.561031472017741,0.3996670352977665,0.20543942384560357,0.2506144067262168
0.30949494169159475,0.45749587093430827,0.6186044400972072,0.7118892894501327,0.6919104314928005,0.5693326899827408,0.4011045421666818,0.19549208619402839,0.24306281178000722
0.30568576958036225,0.4440392296717948,0.594322970617511,0.6807849112047681,0.6610554165704027,0.5453598361893388,0.3871899935466466,0.19403121446791138,0.23662662350614877
0.31050081521103384,0.46031844938278677,0.6215083217934705,0.7112622197895518,0.6846137497782715,0.5552479325303216,0.38409446476347775,0.18809433481302446,0.2529529208711972
0.3086263044563291,0.45465921539816095,0.6143129557406152,0.708180083831218,0.6911711791378754,0.5727622912176251,0.4077748182058566,0.2008272864400892,0.23765256491545725
0.3086964166265745,0.4545476939544474,0.6129795200029441,0.7041010851856837,0.6832158566146861,0.5611221009146856,0.39432278747110383,0.19143250680283547,0.24076513125575433
0.31094287527898873,0.462117140601719,0.6252995394629987,0.716965477672306,0.6911378986249607,0.5605149303828943,0.38546558871703795,0.177340094381916,0.22584851949390242
0.310599571466059,0.4607897542700738,0.6224588686193019,0.7124028994226825,0.6852788191940984,0.5546112998720476,0.3814373998790177,0.18105426145806253,0.2403274914324364
0.31164900526031825,0.46473601147110294,0.6304927299613208,0.7246676868233826,0.7006035212066982,0.5706306289232538,0.39528077191520133,0.18682923943098245,0.24488604571422273
0.31020807374087267,0.4594259110774976,0.6203972851563196,0.7108932883920166,0.6859131790475057,0.5583871596105935,0.3881660442387582,0.18991805368382195,0.24985603354673444
0.31146455901827164,0.46293599495276017,0.6237119256203939,0.7089451873702237,0.6743132719127152,0.5370692693221586,0.36279025739127835,0.17895126698202163,0.2654884255369244
0.30909511785049476,0.4562148754639247,0.6167356786521359,0.7103407484423672,0.691471226365751,0.5698567249903908,0.4012088091618202,0.19004253025133955,0.2299734157630165
0.30919257734633726,0.45661944174831476,0.6175592314549363,0.7115932693114985,0.6932058358716279,0.5722888753547952,0.4046181546370237,0.19465662071923406,0.2269892606221759
0.31021953112735295,0.4595011363185295,0.6205165882333131,0.7108995568362703,0.6855933004096535,0.5576665702626179,0.3873190914837448,0.19089947009186284,0.2604639777289523
0.3113819036038972,0.4634562937900473,0.6272098309655864,0.7184830916305022,0.6912281202389207,0.5587961814928402,0.3827510956198793,0.17845858817360272,0.24678050813607358
0.3094399808586348,0.4572424851015815,0.6179104411391108,0.7105196476655222,0.6898943849188097,0.5671570061062662,0.39961157598550934,0.1965682100923264,0.24246728488245992
0.30529187417344333,0.4423204479471156,0.5900887349313507,0.6730283975430478,0.6498292348289212,0.53250157356145,0.37625966992849214,0.19593030526618815,0.2582362992035554
0.3069373361497901,0.4483688501381331,0.601860858085073,0.6900313239494451,0.6700241830085131,0.5530502753305317,0.39441051732191135,0.20575866486367428,0.25591891847728215
0.3105124457730971,0.4604771785153961,0.6220107578861014,0.7122381631889481,0.6860582271303259,0.5570250624412284,0.38598978739369094,0.1896768501271169,0.2536680043073153
0.30906341487762234,0.45576001073319644,0.6147529678265884,0.7054087460255889,0.6829084913531739,0.5587346472738062,0.3905090266849967,0.1887674693146496,0.24213492980774393
0.307559561697979,0.45059962715140905,0.6059574201948232,0.695259844691308,0.6747205445705058,0.5550215960213458,0.39158376903897957,0.1923016081154338,0.2344612496909187
0.3125290715986117,0.46727189300277655,0.6333390941031358,0.7246494197398384,0.6942513379121542,0.5560839280920084,0.37342389283316424,0.1606159418434067,0.22486729692592458
0.3060353561671402,0.4454416112502094,0.5969639823228338,0.6843857170787817,0.6657538684927191,0.5527232385035983,0.4004624657683211,0.22649135136252108,0.2950518766867024
0.3123591717658158,0.4664397192307492,0.6309281652171886,0.7198279760294782,0.6874863224510824,0.5501780256872394,0.37338435389043245,0.18302273507456002,0.2752038750865415
0.30892241300898754,0.4554400771793351,0.6147452588250856,0.7065544848613827,0.6858351705878131,0.5632850900995139,0.3956001883792765,0.19140975215550832,0.24320784714162183
0.3077844583372088,0.45171820646636734,0.608893428073709,0.7008828722926636,0.6833860746729303,0.5662173490595637,0.4039391943038456,0.20259229904262388,0.2395605769404282
0.3094476836984913,0.45643245406343763,0.6139697565441221,0.7004251659127014,0.6716847400626774,0.5416341895995804,0.37077023415843013,0.17542612256875,0.23851181891411574
0.30930026828551893,0.456531127350712,0.615845219627675,0.7062259855493784,0.6830611319710779,0.5586407253154689,0.3914747423632671,0.19475741494889218,0.24901484779038172
0.30832351829212495,0.4531640226989212,0.6102078211984105,0.699986081492605,0.6783548744545277,0.5566282261561192,0.39151516251200874,0.19339289145181474,0.2437988345913218
0.304541538255541,0.44009064000050846,0.5874553743651205,0.6726247219498067,0.6543851655027471,0.5430516173941258,0.3911638323522753,0.20905929981464338,0.25810603300884155
0.3118357237996224,0.4651629727836418,0.630544168293916,0.7232822554995428,0.6969687080336021,0.5649013630736058,0.38879681171129915,0.18359405339347762,0.2465212382925953
0.31112753148428923,0.4626760503536324,0.626072133080568,0.7176716366595595,0.6919611491375157,0.5627541487173569,0.39187879094951933,0.2009452525669777,0.29200670433046655
0.30802180669007106,0.45239979564853317,0.6097075046188805,0.7011576859457759,0.6825705008049883,0.5644143277337127,0.4021596188188521,0.20502313062306954,0.25354332517457195
0.3105221213979752,0.46053064490775714,0.6221635390921811,0.7124784914039721,0.686136366957859,0.5562852369963,0.3833100719329442,0.18002272714572995,0.22834961310340554
0.3133605384351224,0.47042681583236395,0.6398608371424832,0.7349885186396395,0.7082973194527443,0.5733750042840933,0.3934778014543564,0.18543576379741641,0.2607392680847383
0.31112296702536507,0.4634634454481276,0.6301942661731363,0.728521306822712,0.7112728088644757,0.5880207037807063,0.4155502559768873,0.19658666746317824,0.22561961565185848
0.31213030830129646,0.46650233743474856,0.6339770061091019,0.7299494285289894,0.7075989713975105,0.5792549462440818,0.40537848853543224,0.19762327722750217,0.2440387028991727
0.31170231862440034,0.4654319755269937,0.633505482353083,0.7321872787121279,0.7137836174624054,0.5881602978025098,0.41332496331696356,0.19601116772131216,0.2532053262998078
0.3063563151384404,0.4480884682185685,0.6070580063461325,0.7084064584901139,0.7066789627919676,0.6052852184467797,0.45029148611511777,0.22871736631667092,0.2201249533326833
0.30822516333139266,0.4519957704269637,0.6053846783920719,0.6882664508274039,0.6582624359219301,0.5307132526002865,0.3666065343369563,0.18946886388382855,0.26662490563051033
0.31116779802005107,0.4621837894773024,0.6231656246648039,0.70975281197836,0.6772454778616566,0.5416489290338876,0.36702111195086745,0.17580584585517045,0.24836653371545256
0.30877988460335515,0.4540766818976815,0.6098396277446668,0.6954551555239914,0.6673007913171116,0.538994901318324,0.37030623572339205,0.17844733695366935,0.25044451129938444
0.30638087299386724,0.4456373085754477,0.5945418596148885,0.6758377035137376,0.6485190348907721,0.5270510159321827,0.36986777280572847,0.19942725858338156,0.274255248692745
0.30893506340105764,0.4551832249509858,0.6131481317119574,0.7021352579938586,0.6778484331661664,0.5527864442371521,0.38546559700668226,0.18880418169182722,0.23951162043665547
0.30781475117556906,0.45241404561106496,0.612068456556301,0.7089071240469287,0.6975762091971998,0.5853040850220308,0.4238274934736598,0.21184386287897913,0.23530940494296002
0.30874310311411873,0.4551496588843732,0.6153976515654509,0.709983174023555,0.6937238068639969,0.5760574925629751,0.4118339588835107,0.20647904361761002,0.24658029424691105
0.30790350454752713,0.4525350385412385,0.6116388356321548,0.7070635332746683,0.6938772630115807,0.5803906859704527,0.41947418534174696,0.21305054380485267,0.2398685262034524
0.30895728631037433,0.45528113138643295,0.6136107425841675,0.7035098336271642,0.6806199842182922,0.5569082323921828,0.3900423224948709,0.18989836144099964,0.2272714239881288
0.31340316709990546,0.47085464412840333,0.6414274452124021,0.7386054364916506,0.7145130339965201,0.5818501010191847,0.4027661997441986,0.1905074480860587,0.2509703906252583
0.3078295510423501,0.4520376455675683,0.6102665942989394,0.7045688023337532,0.6904715431653402,0.5768434943010167,0.41700060324972754,0.21559665381488188,0.25219934502636243
0.31142693769843566,0.46311284583879153,0.6249243493922176,0.7122371199054516,0.6801731633419037,0.5446444950060468,0.369599703218243,0.17564286343315072,0.23609739058778617
0.30817537286358976,0.45407775911466297,0.6165112983436613,0.7177155425433647,0.7113588687679874,0.6026624850859257,0.44122784035136,0.2189768339577871,0.2250449378331919
0.30763686510259686,0.4502202280801077,0.6033351077787964,0.6880481593965144,0.6616104688834815,0.5372648220000219,0.37333462422527147,0.1864288853804099,0.2516122911847728
0.3123435769079446,0.4662482776621636,0.6301989089296753,0.7182087325980498,0.6849888370671808,0.5473603618824106,0.37107432408977475,0.18161558976197414,0.2604325122532151
0.30902423262995543,0.45471215103066465,0.6100030951550123,0.6937336229818378,0.6632624015433255,0.534584082142037,0.3697399943144506,0.19342007132576713,0.2657270482663883
0.30977620329858196,0.45759291395764096,0.6160140448058538,0.703079667866699,0.6748732123805494,0.5459470150491373,0.3773820487183058,0.1875694888169897,0.24507372869160726
0.3096184227889216,0.45799391565167535,0.6196333893815827,0.7135873010324522,0.6946422034151548,0.5738061891700306,0.4080668693047275,0.2059724479081344,0.2411427985969584
0.3113814697953432,0.46331347970659376,0.6265303776235542,0.7168937854131546,0.6888961873596208,0.5567686050832237,0.3826927057868504,0.18415646519897014,0.24748615638026217
0.31198335506285607,0.46583923833229546,0.6322126267170914,0.7262813167706432,0.701193437442361,0.5695611615382294,0.39244429710604606,0.1814534302137882,0.2331449658246505
0.3079816497540746,0.45154854499963964,0.6057685085885159,0.6912559242171322,0.6655731348346166,0.5430914891376939,0.38334096078771634,0.2089497910633154,0.28242025393778974
0.3099818047127612,0.4588983261266839,0.6201086086338997,0.711676566237895,0.6882245701518074,0.5616573246736221,0.3905852636440553,0.1845755752986959,0.2271063295166053
0.30669674779787454,0.447216283759924,0.5987576287204122,0.683766574124676,0.6597165906314062,0.5386808674738963,0.3770488355800746,0.18781562560161455,0.24391031892686332
0.30940324876207964,0.4566387572606013,0.615071959283056,0.7031304136639505,0.6765854171922749,0.5491649889433315,0.3812408503458283,0.19150722881510884,0.2626223817284302
0.3096237210485354,0.4569221282585554,0.6141265962488881,0.6989915866196974,0.6678045346834381,0.5359705807206222,0.36581656567853377,0.17931701767747835,0.2530981086517268
0.31286318463911905,0.46897192804538385,0.6378693146146088,0.7334483704903398,0.7080612669604822,0.5744239160348424,0.39455496761800785,0.1809664680375132,0.24015067242370755
0.309619270963612,0.4583848095919452,0.6219179424339883,0.719932501639294,0.7062730686612735,0.5894211992119501,0.4236509199248109,0.21082798803910435,0.24123414866777668
0.3095518878262,0.4571849272764583,0.6166389550975533,0.706737773726868,0.6829975234354877,0.558070092797981,0.39094522938917364,0.19686307145568588,0.26053970367301993
0.3077482778353075,0.4514561074268499,0.60817491985534,0.6997851909776424,0.6826745628958523,0.5674251485816318,0.40888520603778,0.21567457422638947,0.24867775095537883
0.3081925631486364,0.4526007886087008,0.6088569957695712,0.6975002654145979,0.6745261814641821,0.5515661910539186,0.3858176261638586,0.189725617059847,0.25260654271775984
0.30938918400656706,0.4560364809861669,0.6127701873904701,0.6981090018263516,0.6685956698768928,0.539054368163218,0.37062224011212025,0.18263460335324005,0.2458602556465797
0.31076155997854876,0.46111221270562364,0.6223580618744246,0.710910424858528,0.6815610491887136,0.5485420464602314,0.37389686691041385,0.17524292144111125,0.2440936902346823
0.3086629493632384,0.4532416733082824,0.6066541371986658,0.6878645156306185,0.6546199888086603,0.5235252594987243,0.35724247047121543,0.18154506270194032,0.25802346608536186
0.30634123146486303,0.4469316085673729,0.6015874612960667,0.6945170817821181,0.6819862543125812,0.5716747863687466,0.4144856801533637,0.2105663451898798,0.23536870598629622
0.30582063203309184,0.4449372423298887,0.5972695228448501,0.6874236559233139,0.6726059489874794,0.5617391003629121,0.4065389013363037,0.2100137655616498,0.23070410565681712
0.30835547371150174,0.4530980859859947,0.6093847013140263,0.6975425937030892,0.6741527968411137,0.5520889660673854,0.38957491478789075,0.20284731631005834,0.26101471223548056
0.3059452923381567,0.4438495327854456,0.590494298755836,0.6690532948561899,0.6395964111769108,0.5180826002331103,0.36417511012960935,0.20710786031672315,0.29912913490737514
0.30597207962553813,0.44651148673261093,0.6031853459677435,0.7011468874582251,0.6958831832630145,0.5926499304777342,0.43945321694706174,0.23131721480892842,0.24545790184528637
0.3094357192890688,0.4571112829408309,0.6171965010135224,0.7085202301124834,0.6860924507460248,0.5617550490783563,0.39382633778619447,0.1952635970015168,0.2566279166563196
0.30981497549722736,0.4579051931588982,0.6172520641321382,0.7060946394950569,0.6800819769409502,0.5528158431972867,0.38459899764397065,0.193784078274793,0.265941915229833
0.30611379400869293,0.44405392842826935,0.5896737885397736,0.665283980807603,0.6306084150333493,0.5020796971273312,0.3406777821813251,0.17496061911030544,0.27654610226774257
0.3130015963493897,0.4693028774801909,0.6380606200124558,0.7329792863797062,0.7066708991911115,0.5725662119874627,0.39357534499242147,0.18630658113703596,0.26041539991720297
0.3107594706805254,0.46112979916005026,0.6224983790521854,0.7114583053952898,0.6830753774669825,0.5518199109840274,0.37972068452963964,0.18579222567602519,0.2531405517045509
0.30928393303674917,0.45611310826604406,0.6142136741049649,0.7025621225455568,0.6771012869096794,0.5509870684994519,0.3833217669166343,0.18710986768254947,0.228878847820251
0.30958311438210534,0.4575844573495761,0.6181504663451098,0.7100644479612754,0.688013299788722,0.5632344665285831,0.3934785771793528,0.1885631968217175,0.24279889328031645
0.3086305658874978,0.4542138365822048,0.6119927373467207,0.7020917580440303,0.6802829965212214,0.5581889084666337,0.3930193724284114,0.19630751300645488,0.24790971005875756
0.3100653451441401,0.4591531556803025,0.6203968199327187,0.7116835847575382,0.6877644000538378,0.5611427495384592,0.39147160731937286,0.19503875639007814,0.27150347789447793
0.3089016295065274,0.4547618914753012,0.6115043293618865,0.6982257254319568,0.6710061746328468,0.543292682119578,0.3747337048633091,0.1810806970605125,0.2416085383880713
0.31014473635418577,0.46028624450093913,0.625338669406319,0.7241305790431972,0.709930900403772,0.5912501392089904,0.42295329370813767,0.20643957512465602,0.2366232204175759
0.3100165465859965,0.4587592287988627,0.618749959986882,0.7076397646443011,0.6810475088040956,0.5532695757673876,0.38550126778318,0.19774401563506078,0.26488537853110417
0.31172652046757826,0.4654321958740361,0.6332142224505565,0.7311427901765565,0.7114764988177451,0.5841829723052211,0.40739293754787204,0.18575458479428583,0.2318613263376433
0.3125355593332871,0.46773613936902525,0.6357287695309076,0.7312066754763452,0.7069808533286845,0.5755790257877846,0.3983033928723957,0.18788386599925957,0.24780939889106218
0.30873297598769045,0.4542680337025615,0.6109443083684829,0.698220813549057,0.672233518916107,0.5461350041593287,0.3791356961976573,0.18757465858633812,0.2536680561304468
0.30752901765096885,0.4509004994999577,0.6077343479108902,0.7000341052932139,0.683408592554493,0.566960624427224,0.4042416092089756,0.19752744627696822,0.22219723832084784
0.3126428336335143,0.4672578764010208,0.632138229990553,0.7210486612704192,0.68824050381193,0.5499776066331111,0.37175598864874404,0.1777669754202655,0.262206147263842
0.30805041612052725,0.45227920707677227,0.6087325924588517,0.6983582660560262,0.6774304199983961,0.5575113337757567,0.395134210424929,0.2013846691478079,0.2455109425381985
0.31030696475490105,0.4595261518718725,0.6196066985762634,0.7077866059391759,0.6795432149886513,0.549336200077542,0.37878300653058233,0.18699056858663538,0.2537579815846706
0.30939909138488775,0.4575218202010871,0.619949024511732,0.7164749490123951,0.7013348358533955,0.583642895142921,0.4181968584998933,0.20823643274519302,0.23763299946195102
0.3108853202821514,0.4617994254688638,0.6246370277899385,0.716276074941519,0.6912547484320711,0.5626511760251739,0.3908510309582893,0.1897499089897463,0.24240734033175734
0.3073517348501795,0.4508895646643885,0.6098423525971894,0.7072423977657789,0.6978228295081748,0.5878599385593333,0.427591301005054,0.21233473921655116,0.22733252224949024
0.3128740109333524,0.46818201458266795,0.6340022690360506,0.7235318216164843,0.6901653479331202,0.5493293316017477,0.3661794017087107,0.16015791117295192,0.23653832686178097
0.30775290321338916,0.45065026807590186,0.6036051918455498,0.6872053348184773,0.659495402745441,0.5358212607665884,0.37668229730771924,0.20787684490952468,0.28663324400094026
0.30867157001994033,0.4532607444795325,0.6065844634988876,0.6874014696168325,0.6531975218599091,0.5203828118781164,0.3516547550657958,0.17125667722297006,0.24668517167960063
0.3086573518601961,0.4530987640294996,0.6060676977390037,0.6863523718833816,0.6515646490660167,0.5183707541208187,0.34991493796838463,0.17359586909021868,0.26811336149966064
0.30921182360283767,0.45592990813406353,0.6139033197429508,0.70209654505341,0.6766259443640444,0.5511504340004921,0.38557241974333917,0.1990158444458574,0.2697157304665785
0.3113349251131901,0.46366399742506503,0.6287008860168523,0.7226806971083765,0.6991115347290623,0.570021073689715,0.3952895580846988,0.18539181315211853,0.2353471528321034
0.30880586706723573,0.4549893018709229,0.6137896103731271,0.7050298051197247,0.6838457435232447,0.5611104534155833,0.39360163219572847,0.19014706299190992,0.2403466389148464
0.30822411672634337,0.4529706739337684,0.6104314544356392,0.7015051681740289,0.6818583596672125,0.5619982303059179,0.3975925947629257,0.1964328241690475,0.2403317007667074
0.30733925617797775,0.45014361390034635,0.6061233918029447,0.6975920114527899,0.6807331722638399,0.5653584480540073,0.4055661981741653,0.20823311338839287,0.24693909512250847
0.3112668340945141,0.46224009405431127,0.6224465949167044,0.707154226662693,0.6718346240155668,0.5332581291700279,0.356559931963914,0.16630792922339901,0.24834944646789137
0.30940132462051445,0.4571753985398349,0.618267370883874,0.7121638366319889,0.6935538431107084,0.5727266879658132,0.4058015056565591,0.198565400480113,0.23271418862447588
